name,status,country_code,funding_total_usd,category_list
eMotion Technologies,operating,ISR,10000,Games
Microstrip Planar Antennas,operating,ISR,800000,Messaging
Integrity Applications,ipo,ISR,22607446,Health Care
RBNanDoors,operating,ISR,11000000,Design|Manufacturing|Public Safety|Security
Mobilicom,operating,ISR,Nan,Mobile Commerce|Telecommunications|Wireless
CyActive,acquired,ISR,Nan,Security|Software
PerSimiO,operating,ISR,Nan,Medical
ReDent Nova,operating,ISR,2700000,Health Care|Medical Devices
SCADAfence,operating,ISR,Nan,Cyber Security|Homeland Security|Network Security|Security
L7 Defense,operating,ISR,750000,Cyber|Cyber Security|IT and Cybersecurity
Viewbix,operating,ISR,6100000,Facebook Applications|Internet Marketing|Messaging|Music|Network Security|Photo Sharing|Social Media|Video Streaming
Leverate,operating,ISR,12500000,Finance Technology|FinTech
Universal Ad,closed,ISR,11000000,Advertising|Promotional|Retail
Secure Islands Technologies,acquired,ISR,11100000,Security
Yoggie Security Systems,acquired,ISR,2800000,Hardware + Software
Atlantium,operating,ISR,9000000,Clean Technology
Cognilyze,operating,ISR,Nan,Artificial Intelligence|E-Commerce Platforms|Personalization
cSafe,closed,ISR,8500000,
Degania Medical,operating,ISR,27000000,Health and Wellness|Medical Devices|Pharmaceuticals
eBIZ.mobility,closed,ISR,1100000,E-Commerce
Omek Interactive,acquired,ISR,15800000,Software
Qoof,closed,ISR,1700000,E-Commerce|Video|Web Tools
Amiad,ipo,ISR,9000000,Clean Technology
Brainsgate,operating,ISR,60500000,Health Care
Caesarea Medical Electronics,operating,ISR,100000000,Hardware + Software
CellEra,operating,ISR,11200000,Clean Technology
Change Labs,operating,ISR,800000,
ColorChip,operating,ISR,70200000,Semiconductors
ciValue,operating,ISR,550000,B2B|Internet Marketing
Dune Medical Devices,operating,ISR,26500000,Health Care
Emefcy,operating,ISR,Nan,Clean Technology
Endymed,ipo,ISR,7000000,Biotechnology|Medical Devices
Evolita,operating,ISR,550000,Analytics
Furious Corp,closed,ISR,1126000,Publishing|Television|Video
Itamar Medical,operating,ISR,28400000,Medical Devices
LifeBond Ltd.,operating,ISR,55000000,Biotechnology
Mindguard,operating,ISR,15000000,Medical Devices
MobiliBuy,operating,ISR,2100000,E-Commerce|Mobile|Mobile Commerce|Retail
Revuze,operating,ISR,550000,E-Commerce
TapReason,operating,ISR,Nan,Algorithms|Apps|Mobile|SaaS
Wilocity,acquired,ISR,55000000,Semiconductors
XACT Robotics,operating,ISR,5000000,Technology
Zollo,operating,ISR,900000,Curated Web
Protalix BioTherapeutics,operating,ISR,10000000,Biotechnology
Folloyu,operating,ISR,Nan,E-Commerce
Geev.Me Tech,operating,ISR,170000,Mobile
dax Asparna,operating,ISR,2350000,Internet|Mobile|Mobile Devices
Xrispi Labs Ltd.,operating,ISR,300000,Content Discovery|Internet Marketing|Social Media|Social Media Marketing
udobu,operating,ISR,Nan,Entertainment|Music Venues|Sports|Sports Stadiums|Ticketing
ActiViews,acquired,ISR,10000000,Health Care
Applied Immune Technologies,operating,ISR,4000000,Biotechnology
APProtect,operating,ISR,750000,Security
CandorMap,operating,ISR,Nan,Analytics|Big Data Analytics|Business Intelligence|Information Technology|Risk Management|Text Analytics
CrazyLister,operating,ISR,316770.5509,Design|E-Commerce|Optimization|SaaS
DensBits Technologies,operating,ISR,Nan,Semiconductors|Storage
EverCloud,operating,ISR,Nan,Cloud Computing|Information Technology|SaaS|Virtualization
FilesX,acquired,ISR,7500000,Software
GBooking,operating,ISR,1300000,Information Services|Information Technology|Small and Medium Businesses|Software
GeniusMatcher,operating,ISR,56874,3D|Indoor Positioning|Software|Virtual Worlds
HyperBanner Networks,operating,ISR,4000000,Advertising
Lalalama Ltd,operating,ISR,150000,Consulting|Social Media
Pluristem Therapeutics,ipo,ISR,21370003,Biotechnology|Pharmaceuticals
Prontoly,operating,ISR,800000,Mobile|SaaS|Software
Sol Chip,operating,ISR,5000000,Clean Technology|Semiconductors
TenKod,operating,ISR,670000,Cloud Computing|Data Integration|Mobile|Software|Testing
VibeSec,operating,ISR,800000,Enterprise Software
Actifile,operating,ISR,100000,Information Security|Software
NSO Group,operating,ISR,1600000,Cyber Security|Defense|Startups
Proonto,operating,ISR,860000,Analytics|Customer Service|Customer Support Tools|Direct Sales|E-Commerce|Marketplaces|SaaS
Amimon,operating,ISR,52120000,Semiconductors
Aorato,acquired,ISR,11000000,Enterprise Security|Network Security|Security
AppsFlyer,operating,ISR,27100000,Advertising|Android|Apps|App Stores|iOS|Mobile|Mobile Analytics|Sales and Marketing
Aqwise,operating,ISR,8100000,Clean Technology|Water
Askourt Ltd.,operating,ISR,Nan,
BNanObvious,operating,ISR,1000000,Web Hosting
BloggersBase,operating,ISR,125000,Blogging Platforms|Curated Web|Journalism
CNanB4,operating,ISR,6000000,Productivity Software
Cloudius Systems,operating,ISR,7000000,Cloud Computing|Enterprise Software
ComAbility,operating,ISR,6000000,Public Relations
Consumer Physics,operating,ISR,15981216,Hardware
Convergin,acquired,ISR,10000000,Web Hosting
Dblur Technologies,operating,ISR,6000000,Software
Delver,acquired,ISR,4000000,Networking|Search|Social Search
Dropico Mobile,operating,ISR,1000000,Apps|Curated Web|Mobile|Photography
Elastifile,operating,ISR,8000000,Software|Storage
ElMindA,operating,ISR,28000000,Diagnostics
Eloxx,operating,ISR,Nan,Biotechnology|Pharmaceuticals
EndoSpan,operating,ISR,10000000,Biotechnology
Enure Networks,closed,ISR,13000000,Software
eSnips,acquired,ISR,5000000,File Sharing|Media|Social Media|Storage|Web Hosting
Ethos Networks,operating,ISR,12000000,Public Relations
Extreme Reality,operating,ISR,18000000,3D|Games|Motion Capture
EyeSight Mobile Technologies,operating,ISR,10900000,Software
Flash Networks,operating,ISR,31295270,Internet|Mobile
Genieo Innovation,acquired,ISR,3000000,Ad Targeting|CRM|Internet|News|Personalization|Privacy|Web Design
Iguaz.io,operating,ISR,15000000,Software
Infima Technologies,closed,ISR,630000,Software|Web Hosting
Infinidat,operating,ISR,230000000,Databases|Data Security|Storage
IntSights Cyber Intelligence,operating,ISR,1800000,Cyber Security|Information Technology|Services
Keystone Heart,operating,ISR,14000000,Health and Wellness|Health Care|Medical|Medical Devices
KitLocate,acquired,ISR,750000,Analytics|Apps|Location Based Services|Media|Mobile|Software|Technology
Logia Group,closed,ISR,2500000,Mobile
Mapme,operating,ISR,1000000,Maps
MediCope,operating,ISR,Nan,Consumer Internet
MentorWave Technologies,acquired,ISR,3500000,Software
Mobile Max Technologies,operating,ISR,5000000,Mobile|Unifed Communications
mPharma,operating,ISR,Nan,Pharmaceuticals
mPortico,closed,ISR,3750000,Distribution|Mobile
MUV Interactive,operating,ISR,4000000,EdTech|Education|Hardware + Software|Internet of Things|Presentations|Wearables
nanoRep,operating,ISR,Nan,Customer Service|Customer Support Tools|SaaS|Software
Neocrafts,operating,ISR,5500000,Music
Niragongo,operating,ISR,Nan,Internet|Software|Technology|Wireless
Nogacom,operating,ISR,Nan,Data Security|Enterprises|Information Services|Software
Nyotron,operating,ISR,10000000,Computers
Odysii,acquired,ISR,20000000,Digital Signage|Sales and Marketing|Software
PayItSimple,operating,ISR,10000000,Finance|FinTech
Physihome,operating,ISR,Nan,Sports
PiNanCardia,operating,ISR,Nan,Healthcare Services|Medical Devices|Startups
Pursway,operating,ISR,17100000,Analytics
RapidAPI,operating,ISR,600000,Apps|Cloud Computing|Real Time
Real,operating,ISR,300000,Brokers|Real Estate|Technology
SafeDK,operating,ISR,2250000,Apps|Internet|Real Time|Security
SETiT,operating,ISR,60000,Events|Mobile
Shellanoo Group,operating,ISR,35000000,Apps|Internet|Mobile
Shortcut Nan just ask,operating,ISR,200000,
Siverge Networks,operating,ISR,12000000,Semiconductors
SMT Research and Development,closed,ISR,10500000,Health Care
Somatix,closed,ISR,750000,Analytics|Health Care|Wearables
Sportingo,acquired,ISR,3200000,News|Sports
Stratoscale,operating,ISR,42000000,Software
Tehuti Networks,operating,ISR,4200000,Semiconductors
TrekCafe,operating,ISR,Nan,Networking|Social Media|Travel
Volas Entertainment,acquired,ISR,Nan,Content|Games|Mobile|Portals
Vollee,operating,ISR,11500000,Games
XPlace,operating,ISR,Nan,Freelancers|Marketplaces|Software
BondIT,operating,ISR,16249,Finance
CorAssist,operating,ISR,9,Health Care|Medical|Medical Devices
Altair Semiconductor,operating,ISR,124000000,Semiconductors
Clarizen,operating,ISR,91000000,Cloud Computing|Collaboration|Online Scheduling|Project Management|SaaS|Software
CyberX,operating,ISR,2020000,Security
Epos,operating,ISR,15500000,Hardware + Software
Genoa Color Technologies,operating,ISR,5000000,Hardware + Software
GetJob,operating,ISR,34181,Human Resources|Marketplaces|Mobile|Recruiting|Small and Medium Businesses
Idomoo,operating,ISR,9000000,Enterprise Software
SolarEdge,ipo,ISR,85000000,Clean Technology|Renewable Energies|Solar
Traffix Systems,acquired,ISR,8400000,Web Hosting
Valens Semiconductor,operating,ISR,21000000,Semiconductors
ARTsys360,operating,ISR,1298798,Physical Security|Security
OptimalPlus,operating,ISR,72000000,Software
Orad,ipo,ISR,28765834,Security
Streaming Era,operating,ISR,205000,Education|Enterprise Software
Tactiga,operating,ISR,40000,Consulting
Revizer,operating,ISR,20000000,Curated Web
Apparent,operating,ISR,Nan,Babies|Mobile|Networking|Parenting
BiolineRx,ipo,ISR,63100000,Biotechnology
BioMarCare Technologies,operating,ISR,1000000,Biotechnology|Health Diagnostics
Bloggerce,closed,ISR,20000,Blogging Platforms|E-Books|Software
Brainsway,ipo,ISR,11800000,Health and Wellness
Browz'In,operating,ISR,483000,Algorithms|Analytics|Big Data|Fashion|Location Based Services|Shopping
Cell Cure Neurosciences,operating,ISR,4840000,Biotechnology
Deeplink,operating,ISR,750000,Mobile|Web Tools
Chiasma,ipo,ISR,176000000,Biotechnology
ClassifEye,closed,ISR,1530000,Software
Correlor,operating,ISR,Nan,Analytics|Internet Marketing|Sales and Marketing
CrossReader,closed,ISR,Nan,Curated Web|Ediscovery|Search
Curiyo,operating,ISR,2880000,Software
Eden Shield,operating,ISR,1000000,Environmental Innovation|Green|Sustainability
Evision Systems,closed,ISR,350000,Cloud Infrastructure|E-Commerce|SaaS
EyeYon,operating,ISR,6600000,Health Care|Life Sciences|Pharmaceuticals
Freightos,operating,ISR,23300000,B2B|Logistics|Shipping|Software|Supply Chain Management|Transportation
Fundz,operating,ISR,200000,Social Media|Startups
G.ho.st,closed,ISR,3000000,Cloud Computing|Web Hosting
Gamida Cell,operating,ISR,49793964,Biotechnology
Glide,operating,ISR,28500000,Messaging|Mobile
sherut.net / שירות.נט,operating,ISR,1000000,Contact Centers|Customer Service|Software
Hadasit Bio Holdings,ipo,ISR,2000000,Biotechnology
iMER,operating,ISR,7000000,Health Care
Intec Pharma,ipo,ISR,5000000,Biotechnology
JamStar,operating,ISR,800000,Software
KAHR medical,operating,ISR,4950000,Biotechnology
Kivun Hadash,operating,ISR,550000,Content Delivery|Publishing|Software
Lightricks,operating,ISR,10000000,Software|Technology
Mango DSP,operating,ISR,8000000,Hardware + Software
Navajo Systems,closed,ISR,Nan,Security
NovellusDx,operating,ISR,16000000,Health and Wellness|Health Care|Hospitals|Life Sciences|Medical|Personal Health
NowForce,operating,ISR,4000000,Software
Opticul Diagnostics,operating,ISR,450000,Health Diagnostics|Medical Devices
Oramed Pharmaceuticals,ipo,ISR,54387500,Biotechnology
OrCam Technologies,operating,ISR,15000000,Health and Wellness
OurCrowd,operating,ISR,25000000,Crowdfunding|Startups|Venture Capital
ProtAb,operating,ISR,4000000,Biotechnology|Pharmaceuticals
ReplyAll,operating,ISR,350000,Blogging Platforms|Consumer Internet|Content|Digital Media|SaaS
Revelator,operating,ISR,650000,Analytics|Business Intelligence|Enterprise Software|Mobile|Music|SaaS
Sight Diagnostics,operating,ISR,6,Health Care
Silenseed,operating,ISR,500000,Biotechnology|Pharmaceuticals
Sportomania,operating,ISR,70000,Sports
The Elegant Monkeys,operating,ISR,Nan,Apps|Mobile|Social Network Media
ThetaRay,operating,ISR,15000000,Big Data Analytics|Security
Tiltan Pharma,operating,ISR,1500000,Biotechnology|Pharmaceuticals
uiu,operating,ISR,Nan,Apps|Kids|Mobile
Umoove,operating,ISR,2750000,mHealth|Software
Valooto NanNan Sales Engagement Cloud,operating,ISR,1500000,Cloud Computing|CRM|Estimation and Quoting|SaaS|Sales Automation|Software
ZUtA Labs,operating,ISR,500000,Printing
LaraPharm,operating,ISR,1500000,Biotechnology
Magenta Medical,operating,ISR,4000000,Health Care|Medical|Medical Devices
Pango,operating,ISR,6500000,Mobile|Mobile Payments|Payments
Inango Systems Ltd,operating,ISR,160000,B2B|Internet|Software
Camero,acquired,ISR,23000000,Hardware + Software
LucidLogix Technologies,operating,ISR,40000000,Software
Sansa Security,acquired,ISR,10000000,Security
Zooz,operating,ISR,16500000,Developer APIs|E-Commerce|Payments|Startups|Venture Capital
Pixoneye,operating,ISR,120753,Computer Vision|Deep Information Technology|Marketing Automation|Real Time|Software
Bday,operating,ISR,4000000,Social Media
bTendo,acquired,ISR,7000000,Hardware + Software
CartiHeal,operating,ISR,20000000,Health Care
Clip Fort Ltd.,operating,ISR,1200000,Biometrics|Defense|Security
Drupe Mobile,operating,ISR,1000000,Contact Management|Location Based Services|Messaging|Mobile
InfoGin,operating,ISR,5000000,Advertising|Mobile|Telecommunications
Kyma Medical Technologies,acquired,ISR,10000000,Health Care|Health Care Information Technology
LiveU,operating,ISR,50000000,Broadcasting|News|Video Streaming
MNanStream,operating,ISR,1500000,Technology
magnetU,operating,ISR,180000,File Sharing|Gadget|Mobile|Social Media
MetaCure,operating,ISR,20000000,Biotechnology|Diabetes|Electronics
modu,closed,ISR,85000000,Mobile|Wireless
My Single Point,operating,ISR,2000000,Application Platforms|Enterprise Software|PaaS|Software
NNanTrig,acquired,ISR,159968498,Embedded Hardware and Software|Hardware + Software
NLT SPINE,operating,ISR,5700000,Biotechnology
Orad HiNanTech Systems,acquired,ISR,6600000,3D|Broadcasting|Video Streaming
Oxitone Medical,operating,ISR,3000000,Medical Devices
Panoramic Power,acquired,ISR,26500000,Clean Technology
Pebbles Interfaces,acquired,ISR,11450000,Hardware + Software|Mobile
PlaySight,operating,ISR,5000000,Sports
PureSight,acquired,ISR,3100000,Internet|IT and Cybersecurity|SaaS
SPO,operating,ISR,250000,Hardware + Software
SPO Medical,operating,ISR,688250,Biotechnology|Medical Devices
Kaiima,operating,ISR,83000000,Biotechnology
ClearForest,acquired,ISR,10000000,Natural Language Processing|Neuroscience|Semantic Web|Software|Text Analytics
AMOtech,closed,ISR,400000,Apps|Mobile|Startups
BioProtect,operating,ISR,1650000,Health Care|Medical Devices
CAL Cargo Airlines,operating,ISR,8000000,Public Transportation
SafePeak/DCF Technologies,operating,ISR,860000,Software
Digital Trowel,operating,ISR,Nan,Business Intelligence|Knowledge Management|Mobile Devices|Natural Language Processing|Neuroscience|Software
Glycominds,closed,ISR,1000000,Biotechnology|Health Diagnostics
OriginGPS,operating,ISR,2650000,Hardware + Software
Ornim Medical,operating,ISR,55000000,Health Care
Real Imaging Holdings,operating,ISR,1644000,Health Care
SodaStream,ipo,ISR,9300000,Consumer Electronics|Entertainment|Hardware + Software|Health and Wellness
TransPharma Medical,closed,ISR,18000000,Biotechnology
whodoyou,operating,ISR,900000,Curated Web|Internet|Reviews and Recommendations|Social Media
Web Designed Rooms,operating,ISR,Nan,Design|E-Commerce|Lighting
Enzymotec,ipo,ISR,11000000,Biotechnology
Jordan Valley Semiconductors,acquired,ISR,11000000,Hardware + Software
TowerJazz,ipo,ISR,95000000,Semiconductors
Gordian Surgical,operating,ISR,1000000,Biotechnology
ElastiMed,operating,ISR,1000000,Health Care|Medical Devices
Medgenics,ipo,ISR,45626066,Biotechnology
Nephera,operating,ISR,2800000,Health Care|Medical Devices
NeuroQuest,operating,ISR,Nan,Biotechnology
Polytouch Medical,closed,ISR,830000,Health Care
Stimatix GI,operating,ISR,1000000,Health Care|Medical Devices
Trendlines Group,operating,ISR,3484779,
Trendlines Medical,operating,ISR,1000000,Medical Devices
VivoText,operating,ISR,2300000,Audio|Media|Publishing|Robotics|Software
ApiFix,operating,ISR,Nan,Biotechnology|Medical Devices
LapSpace,operating,ISR,1000000,Hardware + Software
MitrAssist,operating,ISR,1000000,Biotechnology
PBC Lasers,operating,ISR,1500000,Lasers|Project Management|Television
S.T. Stent,operating,ISR,450000,Health Care|Medical Devices
Virtual Ports,operating,ISR,3700000,Health Care
BriefCam,operating,ISR,14300000,Defense|Law Enforcement|Security|Software
Eximo Medical,operating,ISR,1600000,Health Care
Resolute Networks,operating,ISR,15000000,Web Hosting
Rontal Applications,acquired,ISR,3500000,Security
Trainica,operating,ISR,Nan,Career Management|SaaS|Software|Training
TrenDemon,operating,ISR,200000,Content Discovery|Internet Marketing|Marketing Automation|Predictive Analytics
Datumate,operating,ISR,5000000,Civil Engineers
CartiCure,operating,ISR,600000,Health Care
Nano Dimension,ipo,ISR,13100000,Printing
OrSense,operating,ISR,18000000,Health Care
PROLOR Biotech,acquired,ISR,26399991,Biotechnology
Advanced MemNanTech,operating,ISR,5000000,Clean Technology
Atox Bio,operating,ISR,26250000,Biotechnology
BiondVax,ipo,ISR,1300000,Bio-Pharm|Health Care|Health Care Information Technology
Collplant,operating,ISR,17300000,Health Care
Mapi Pharma,operating,ISR,10000000,Pharmaceuticals
Moovit,operating,ISR,81500000,Crowdsourcing|Navigation|Public Transportation|Transportation
NanoPass Technologies,operating,ISR,6500000,
Applicasa,operating,ISR,1000000,Mobile
Aquarius Spectrum,operating,ISR,2200000,Clean Technology
CompassNanEOS,operating,ISR,120000000,Networking|Public Relations
EZ2CAD,closed,ISR,450000,Enterprise Software
HeadSense Medical,operating,ISR,Nan,Health Care
Humbug Telecom Labs,operating,ISR,Nan,Analytics|Telecommunications|VoIP
Intercast Networks,operating,ISR,12000000,News
JethroData,operating,ISR,12600000,Analytics|Big Data|Software
JFrog,operating,ISR,11500000,Enterprise Software|Software|Web Development
Jungo Software,acquired,ISR,5500000,Distribution|Information Services|Media
KIDOZ,operating,ISR,4700000,Kids|Mobile|Software
Lucid Information Technology,closed,ISR,12000000,
Manage Your Trip Ltd,operating,ISR,1100000,Software|Technology|Tourism
Metis Technologies,operating,ISR,8000000,Enterprise Software
Mysticom,operating,ISR,28000000,Data Centers|Enterprises|Networking|Storage
Niti Surgical Solutions,operating,ISR,18500000,Biotechnology
Olista,closed,ISR,24000000,Analytics|Software
Outbrain,operating,ISR,149000000,Content|Curated Web|Reviews and Recommendations
Plurality,operating,ISR,12000000,Hardware + Software
PNMsoft,operating,ISR,3300000,Business Development|Business Productivity|Software
Prolify,closed,ISR,4000000,Messaging
Sensible Medical Innovations,operating,ISR,20000000,Biotechnology
Siano Mobile Silicon,operating,ISR,106000000,Hardware + Software
Signals Group,operating,ISR,15000000,Analytics|Big Data|Business Intelligence|Intelligent Systems|New Product Development|Product Development Services
SolarPower Israel,operating,ISR,1100000,Clean Technology
SupportSpace,closed,ISR,36250000,Collaboration|Software
Trivnet,acquired,ISR,18000000,E-Commerce
TytoCare,operating,ISR,18500000,Health Care|Health Care Information Technology|Medical Devices|Mobile Health
velingo,operating,ISR,Nan,Search
Zazoo,operating,ISR,3100000,Music
ZikBit,operating,ISR,8000000,Semiconductors
Seraphim Sense,operating,ISR,1100000,Corporate Wellness|Health and Wellness|mHealth|Wearables
Medigus,ipo,ISR,26706296,Health Care
MultiPON Networks,operating,ISR,500000,Semiconductors
Cnoga Medical,operating,ISR,12500000,Health Care|Medical Devices
Medical Compression Systems,operating,ISR,Nan,Medical Devices|Therapeutics
PressNansense,acquired,ISR,14000000,Software
Regentis Biomaterials,operating,ISR,10000000,Biotechnology
Cellvine,operating,ISR,4000000,Mobile
Crescendo Networks,acquired,ISR,24500000,Web Hosting
IntellinX,acquired,ISR,4000000,Security|Software
iSale Global,operating,ISR,150000,Mobile|Retail|Sales Automation
Magic Software Enterprises,ipo,ISR,3724994,Application Platforms|Cloud Computing|Enterprises
MediaBoost,operating,ISR,6200000,Advertising
Mempile,closed,ISR,10500000,Hardware + Software
MyHeritage,operating,ISR,49000000,Social Media
Treato,operating,ISR,14500000,Big Data|Health and Wellness|Health Care|Health Care Information Technology|Natural Language Processing|Neuroscience|Pharmaceuticals|Social Media
Valtech Cardio,acquired,ISR,17800000,Health Care
Vascular Biogenics Ltd.,operating,ISR,15000000,Bio-Pharm|Biotechnology|Healthcare Services
ECI Telecom,operating,ISR,222500000,Web Hosting
Allcloud,operating,ISR,6000000,Cloud Computing|Cloud Infrastructure|Consulting
Aposense,ipo,ISR,22300000,Biotechnology
Arcos Technologies,operating,ISR,500000,Web Hosting
Aspectiva,operating,ISR,2800000,Consumer Internet|Curated Web
Backand,operating,ISR,1710000,Development Platforms|Software|Web Development
BioPetroClean,operating,ISR,8000000,Clean Technology
BrightView Systems,closed,ISR,6000000,Clean Technology
CanFite BioPharma,ipo,ISR,31000002,Biotechnology
Celtro,operating,ISR,35230812,Mobile
Commil,operating,ISR,7000000,Technology
Connesta,operating,ISR,1300000,Broadcasting|Enterprise Software|SaaS|Video
CTERA Networks,operating,ISR,45000000,Cloud Data Services|Cloud Infrastructure|Mobile Enterprise|Software|Storage
DBmaestro,operating,ISR,Nan,Enterprises
Gasngo,operating,ISR,12000000,Hardware + Software
GreenIQ,operating,ISR,2230000,Home Automation|Home & Garden|Internet of Things
iChoose Applications LTD.,operating,ISR,1200000,Apps|Mobile|Software
Infinity Augmented Reality,ipo,ISR,7500000,Software
Internet Gold Nan Golden Lines,ipo,ISR,79000000,Web Hosting
Larotec,operating,ISR,3000000,Software
MacroCure,ipo,ISR,13000000,Biotechnology
Mantis Vision,operating,ISR,22200000,3D|Software|Technology
MedAware,operating,ISR,1000000,Health Care
MySiteApp,operating,ISR,3650000,Mobile
Oversi,acquired,ISR,20800000,Hardware + Software
PolyPid,operating,ISR,3400000,Biotechnology
PowerID,closed,ISR,12000000,
Prana Essentials,operating,ISR,575000,Dietary Supplements|Fitness|Health and Wellness|Health Care
Pythagoras Solar,operating,ISR,10000000,Clean Technology
RotaryView,operating,ISR,Nan,3D|E-Commerce|Internet|Video
Seculert,operating,ISR,15850000,Enterprises|Network Security|Security
Siklu,operating,ISR,49000000,Mobile
Spaceek,operating,ISR,572000,
Travee,operating,ISR,950000,Android|Apps|Messaging|Software|VoIP
AIT,operating,ISR,1250000,Biotechnology|Pharmaceuticals
ShopEat,operating,ISR,80000,Hospitality|Recipes
Allpix Innovation,closed,ISR,Nan,
Omrix Biopharmaceuticals,acquired,ISR,4840000,Biotechnology|Health and Wellness|Life Sciences|Medical
cCAM Biotherapeutics,acquired,ISR,Nan,Biotechnology
MarketYze,operating,ISR,1600000,Analytics|Big Data|E-Commerce|Price Comparison|Retail
2WinNanSolutions,closed,ISR,Nan,Collaboration|Networking|Project Management|SaaS|Software|Task Management
Advasense,acquired,ISR,24000000,Semiconductors
Applango,operating,ISR,401500,Enterprise Software|SaaS|Software
CallVU,operating,ISR,Nan,Customer Service|Customer Support Tools|Interface Design|Visualization
Carambola Media,operating,ISR,5000000,Advertising|Video
Celeno,operating,ISR,68200000,Semiconductors
Cemmerce,operating,ISR,500000,Advertising
Codota,operating,ISR,500000,Android|Software|Technology
DesignArt Networks,acquired,ISR,2000000,Software
Edge Medical Devices,closed,ISR,18000000,Health Care Information Technology|Medical Devices
Exanet,acquired,ISR,35000000,Storage
Groundwork BioAg,operating,ISR,Nan,Agriculture
Insightix,operating,ISR,6000000,Security
InstallFree,acquired,ISR,11499997,Meeting Software|Software|Virtualization
LocalYoo.com,operating,ISR,Nan,Collaborative Consumption|Incentives|Local|Marketplaces|Travel
Namogoo,operating,ISR,5000000,Computers|Security
Navin,operating,ISR,Nan,Internet
Percello,acquired,ISR,12000000,Semiconductors
Pontis,operating,ISR,34650000,Big Data Analytics|Marketing Automation|Mobile Analytics|Telecommunications
Qomuty,operating,ISR,Nan,Software
RDV Systems,operating,ISR,1000000,Civil Engineers
Screenovate,operating,ISR,Nan,Android|Apps|Cloud Computing
Sensegon,operating,ISR,3350000,Ad Targeting|Advertising|Sales and Marketing|Social Media|Technology
SimulTrader,operating,ISR,70000,Financial Services
Smart Medical Systems,operating,ISR,6500000,Manufacturing|Medical Devices|Product Development Services
Storone,operating,ISR,Nan,Web Hosting
TheraCoat,operating,ISR,7000000,Biotechnology|Pharmaceuticals
Todacell,operating,ISR,4350000,Advertising
Virtual Web,closed,ISR,1000000,Advertising
Yadwire Technology,operating,ISR,2077428,Advertising|Mobile Advertising|Wireless
PulmOne,operating,ISR,500000,Health and Wellness|Health Care|Medical Devices
Anagog,operating,ISR,1000000,Apps|Navigation|Parking|Social + Mobile + Local|Transportation
BLender,operating,ISR,5000000,Financial Services
blogTV,acquired,ISR,3000000,Broadcasting|Chat|Games
CamNanTrax Technologies,operating,ISR,200000,Games|Hardware
ClickTale,operating,ISR,60000000,Analytics|Business Analytics|E-Commerce|SaaS
CouponRoller,operating,ISR,100000,E-Commerce
Cymmetria,operating,ISR,10600000,Enterprise Security
EarlySense,operating,ISR,53000000,Biotechnology
Earnix,operating,ISR,10000000,Analytics|Banking|Finance|Financial Services|Insurance|Price Comparison
eVolution Networks,operating,ISR,22500000,Energy Efficiency|Public Relations
Expert Dynamics,acquired,ISR,450000,Software
GamyTech,operating,ISR,500000,Game
GINanView,operating,ISR,33942342,Health and Wellness
Imonomy Interactive,operating,ISR,1900000,Advertising|Advertising Platforms|Monetization|Software
IMScouting,closed,ISR,Nan,Curated Web|Sports
Insights,operating,ISR,80000,Crowdsourcing|Government Innovation|Innovation Management
iOnRoad,operating,ISR,150000,Mobile
Kampyle,operating,ISR,1000000,Analytics|Reviews and Recommendations
LightCyber,operating,ISR,16000000,Security
MazeBolt Technologies,operating,ISR,Nan,Cyber Security|Security
Mixers,closed,ISR,100000,Facebook Applications|Online Dating|Psychology|Social Media
MyPermissions,operating,ISR,2600000,Cloud Security|Security
NetMovies,operating,ISR,Nan,Games
Nutrinia,operating,ISR,13000000,Pharmaceuticals
Optimata,operating,ISR,1500000,Biotechnology
Oree Advanced Illumination Solutions,operating,ISR,7000000,Clean Technology
PhotoMania,operating,ISR,3000000,Art|Facebook Applications|File Sharing|Photography
RedHill Biopharma,ipo,ISR,70200000,Biotechnology
Rewardpod,operating,ISR,1000000,Internet
Rocketick,operating,ISR,5500000,Hardware + Software
Sckipio Technologies,operating,ISR,27000000,Semiconductors
Screenz,operating,ISR,5000000,Entertainment
Semperis,operating,ISR,Nan,Computers|Cyber Security|Service Providers|Software
Sling,operating,ISR,1100000,Financial Services|FinTech|Mobile Payments|Retail Technology|Vending and Concessions
Spacecom,operating,ISR,293000000,Broadcasting|Industrial|Public Relations
StoreDot,operating,ISR,76000000,Biotechnology
Tonara,operating,ISR,9750000,Music
TransChip,operating,ISR,19000000,Design|Semiconductors|Sensors
Tweegee,operating,ISR,3000000,Entertainment|Games|Kids|Social Network Media|Virtual Worlds
Weesh,operating,ISR,Nan,Reviews and Recommendations|Shared Services|Social Network Media
CogniTens,acquired,ISR,7000000,Software
Joongel,closed,ISR,100000,Browser Extensions|Search
Modular Patterns,operating,ISR,2000000,Blogging Platforms|Publishing|Service Providers|Web Tools
Evento,operating,ISR,750000,Enterprise Software|Entertainment|Facebook Applications|Mobile|Mobile Commerce|Sports|Ticketing
Agrinnovation,operating,ISR,4000000,
Beam Networks,operating,ISR,Nan,Telecommunications|Wireless
Bulbee,operating,ISR,25000,Energy Efficiency|SaaS|Social Network Media
ClearNanCut Medical,operating,ISR,Nan,Health Care|Hospitals|Medical
Efranat,operating,ISR,4500000,Health and Wellness|Medical|Pharmaceuticals
Foamix,ipo,ISR,60000000,Pharmaceuticals
HealOr,operating,ISR,15500000,Biotechnology
Kailight Photonics,operating,ISR,4500000,Web Hosting
Lumus,operating,ISR,6000000,Augmented Reality|Consumer Electronics|Hardware + Software|Technology
Mirage Innovations,operating,ISR,7500000,Hardware + Software
NeuroDerm,operating,ISR,18500000,Pharmaceuticals
NewCO2Fuels,operating,ISR,9000000,Energy|Oil
Origene Seeds,operating,ISR,10300000,Pre Seed
Pentalum Technologies,operating,ISR,15000000,Clean Technology
Pharma Two B,operating,ISR,8000000,Biotechnology
POCARED Diagnostics Ltd.,operating,ISR,15000000,Health Diagnostics|Medical Devices
RumbleTalk,operating,ISR,110000,Chat|Communities|Messaging
Sapiens International,ipo,ISR,22114147,Software
Shidonni,operating,ISR,1500000,Art|Education|Games|Kids|Virtual Worlds
Silentium,operating,ISR,13810000,Hardware + Software
FST Biometrics,operating,ISR,25000000,Public Safety|Security
HiNanTech Solutions,operating,ISR,3000000,Software
Ninox Medical,operating,ISR,15000000,Health Diagnostics|Medical|Medical Devices
Versafe,acquired,ISR,Nan,Finance|FinTech|Security|Telecommunications
Agent Video Intelligence,operating,ISR,14000000,Software
ASOCS,operating,ISR,18522536,Mobile|Networking
Barak ITC,operating,ISR,67000000,Web Hosting
BetaNanO2 Technologies,operating,ISR,2000000,Medical Devices
Ceedo Technologies,operating,ISR,4500000,Software|Virtualization
Chakratec,operating,ISR,2000000,Clean Technology|Environmental Innovation|Technology
Chess Vision,operating,ISR,500000,Educational Games|Games|Mobile
Edusoft,acquired,ISR,1000000,EdTech|Education
Emony,closed,ISR,1000000,Software
EnzySurge,operating,ISR,4100000,Biotechnology
Gilon Business Insight,acquired,ISR,Nan,Business Intelligence|Enterprises|Information Services
Mobideo Technologies,operating,ISR,Nan,Productivity Software
Optiway Ltd.,operating,ISR,2420000,Mobile
Scodix,operating,ISR,19000000,Hardware + Software
WakingApp,operating,ISR,5300000,Augmented Reality|Wearables
Zebra Medical Vision Ltd,operating,ISR,8000000,Computer Vision|Human Computer Interaction|Medical
WireX Cube Systems,operating,ISR,9300000,Cyber Security|Enterprises|Security
22seeds,closed,ISR,250000,Android|Apps|Internet|iPhone|Mobile|Sales and Marketing|Software|Web Development|Web Tools
2B Angels,operating,ISR,Nan,
3DShook,operating,ISR,Nan,3D Printing|Consumer Goods|E-Commerce
6Scan,operating,ISR,Nan,Security
7 Elements Studios,operating,ISR,150000,Development Platforms|Games|Online Gaming
90sec Technologies,operating,ISR,100000,Apps|Consumer Electronics|Mobile|Social Media|Television|Weddings
ActionBase,operating,ISR,400000,Advertising|Business Development
Actus Digital,operating,ISR,3750000,Advertising|Big Data Analytics|Broadcasting|Cloud Computing|Digital Media|Enterprise Software|SaaS|Video Streaming
Advanced Ophthalmic Pharma,closed,ISR,2000000,Biotechnology
AllofMe,operating,ISR,Nan,Software
alooma,operating,ISR,Nan,Big Data|Enterprises
AlwaySupport,operating,ISR,300000,Customer Service|Customer Support Tools|Knowledge Management|Q&A|SaaS|Software
Aniwo,operating,ISR,100000,Finance|Online Gaming|Web Development
Any.DO,operating,ISR,4500000,Android|Browser Extensions|Events|iPhone|Mobile|Productivity Software|Utilities
AnybodyOutThere,operating,ISR,500000,Chat|Messaging
Appforma,operating,ISR,2200000,Advertising|Artificial Intelligence|Business Intelligence|Internet Marketing|Social Media Marketing
Applicaster,operating,ISR,10500000,Social Television|Video on Demand|Video Streaming
Applitools,operating,ISR,2500000,Software
AppMyDay,operating,ISR,Nan,Events|Mobile
Appoxee,acquired,ISR,1800000,Apps|Mobile
Appsee,operating,ISR,3000000,Mobile
Appwiz,operating,ISR,1400000,Advertising|Android|Mobile
Argus Cyber Security,operating,ISR,30000000,Automotive|Cyber Security
Askem,operating,ISR,1850000,Mobile
AudioPixels,operating,ISR,4000000,Semiconductors
Axerra Networks,acquired,ISR,17650000,Web Hosting
AxisMobile,acquired,ISR,3000000,Mobile
Axxana,operating,ISR,14000000,Security
Ayehu Software Technologies,operating,ISR,4148278,IT Management|Software
Bablic,operating,ISR,Nan,Software
Bazaart,operating,ISR,125000,Apps|iOS|iPad|iPhone|Mobile|Photo Editing|Photography|Social Media
Beamr,operating,ISR,9500000,Photography
BeInSync,acquired,ISR,8000000,Web Hosting
BetUknow,closed,ISR,750000,Public Relations|Sports
Beyond Verbal,operating,ISR,7100000,Analytics|Big Data|Cloud Computing|Health and Wellness|Internet of Things|Mobile|Personal Health
BidFlyer,operating,ISR,1000000,Application Platforms|Low Bid Auctions|Real Time
BioBlast Pharma,ipo,ISR,4750000,Biotechnology
BioGaming,operating,ISR,3800000,Fitness|Health and Wellness|Medical
BioLight Israeli Life Sciences Investments Ltd,ipo,ISR,10200000,Biotechnology|Health Diagnostics
Bizzabo,operating,ISR,4000000,Events|Location Based Services|Mobile|Networking|Social Media
BotanoCap,operating,ISR,4200000,Agriculture|Biotechnology|Cosmetics|Organic Food|Water Purification
Boxee,acquired,ISR,26500000,Software|Television
BuzzDoes,closed,ISR,750000,Advertising
Buzzilla,operating,ISR,2000000,Analytics|Social Media
Bvents,operating,ISR,200000,Curated Web|Events
Bwareit,closed,ISR,100000,
CNannario,acquired,ISR,5000000,Software
CallApp,operating,ISR,5000000,Mobile
Capitalise,operating,ISR,Nan,
Cato Networks,operating,ISR,20000000,Network Security
Cell Source,operating,ISR,145000,Biotechnology|Pharmaceuticals
CellMax,closed,ISR,2000000,
Cellrox,operating,ISR,4700000,Mobile
Ceragon Networks,ipo,ISR,17000000,Telecommunications|Web Hosting|Wireless
Check Point Software Technologies,ipo,ISR,Nan,Cyber Security|Data Security|Network Security|Security|Software|Trusted Networks
DiscoverCloud,operating,ISR,1250000,E-Commerce
ClarityRay,acquired,ISR,500000,Advertising|Fraud Detection|Security
CloudEndure,operating,ISR,5200000,Business Services|Cloud Computing|Enterprise Software|Homeland Security|SaaS
Cloudyn,operating,ISR,5500000,Cloud Computing|IaaS|Software
CodeMonkey Studios,operating,ISR,730000,EdTech|Education|Software
CodiPark,operating,ISR,285000,Apps|Internet|Mobile|Payments
CogMetal,operating,ISR,250000,B2B|E-Commerce|Manufacturing
Comfyware,operating,ISR,1200000,Education
Comilion,operating,ISR,2600000,Cyber Security
Commex Technologies,operating,ISR,11500000,Networking|Semiconductors
Compoze,operating,ISR,30000,Music
Contextors,operating,ISR,900000,Natural Language Processing
CoolaData,operating,ISR,7400000,Analytics|Big Data
CopperGate Communications,acquired,ISR,14500000,Semiconductors
CorePhotonics,operating,ISR,17800000,Semiconductors
CropX,operating,ISR,9000000,Agriculture
Crosswise,operating,ISR,5000000,Ad Targeting|Advertising|Big Data Analytics|Identity Management|Mobile Analytics|Online Identity
Cytegic,operating,ISR,3000000,Cyber Security|Intelligent Systems|IT and Cybersecurity|Risk Management|Security
Cyvera,acquired,ISR,13100000,Information Security|Security
DandyLoop,operating,ISR,160000,E-Commerce|Retail|Sales and Marketing
daPulse,operating,ISR,4100000,Collaboration|Project Management|Startups|Task Management
Desalitech,operating,ISR,22250000,Clean Technology
diggidi,operating,ISR,230000,Apps|Internet|Online Dating
Dome9 Security,operating,ISR,12800000,Cloud Computing|Cloud Security|Information Technology|Linux|Networking|Network Security|Security
DoNanza,closed,ISR,1000000,Curated Web|Design|Freelancers|Recruiting|Search|Writers
Dragonplay,acquired,ISR,14000000,Android|Games|Social Games
Dreame,operating,ISR,100000,Art|Humanitarian|Internet
Dronomy,operating,ISR,1500000,Clean Technology
Easy Social Shop,operating,ISR,1900000,E-Commerce|Fashion|Retail|Social Network Media
Eco Wave Power,operating,ISR,2000000,Clean Technology
Elasticode,operating,ISR,110000,Internet|Mobile|Real Time|Social Media
Elloria Medical Technologies,operating,ISR,1200000,Beauty|Health Care|Personal Health
emaze,operating,ISR,2800000,Design|Internet|Presentations|Software|Technology
Engie,operating,ISR,Nan,Apps
EqsQuest,operating,ISR,500000,Search
errnio,operating,ISR,Nan,Advertising|Mobile|Monetization|Web Tools
EventWith,operating,ISR,400000,Mobile
Evercompliant,operating,ISR,3500000,Cyber Security|FinTech|Fraud Detection|Security
EverythingMe,closed,ISR,35500000,Mobile|Web Development
Evolero,operating,ISR,900000,Event Management|Events|Networking|Social Media Marketing
Eyesquad,acquired,ISR,Nan,Design|Technology
Face.com,acquired,ISR,5300000,Photography
Familio,operating,ISR,Nan,Photography|Photo Sharing|Social Network Media
Fanzila,operating,ISR,1000000,Apps|Blogging Platforms|Facebook Applications|Forums|Sales and Marketing|Social Media|Software|Video|Web Tools
Farm Dog,operating,ISR,750000,Agriculture|Cloud Data Services|Farming|Internet of Things
FeedVisor,operating,ISR,7700000,E-Commerce|SaaS
Filtr8,operating,ISR,50000,Advertising|Content Discovery|Social Media Marketing
FireBlade,operating,ISR,5100000,Computers|Cyber Security|Network Security|Security
Fitfully,operating,ISR,510000,Computer Vision|E-Commerce|Machine Learning|Shoes
Fiverr.com,operating,ISR,111000000,Collaborative Consumption|Curated Web|Freelancers|Marketplaces|Outsourcing|Services|Task Management
MyRoll,acquired,ISR,2450000,Apps|Photography|Video|Video on Demand
FlexiCath,operating,ISR,754000,Medical Devices
Flixwagon,operating,ISR,2500000,Broadcasting|Mobile|Video|Video Streaming
fring Ltd,acquired,ISR,30000000,Developer APIs|Email|Facebook Applications|Messaging|Mobile|Search|Twitter Applications|VoIP|Wireless
Fringefy,operating,ISR,Nan,Technology
Funzing,operating,ISR,1500000,Communities|Entertainment|Leisure|Social Media
Genesis Operating System,operating,ISR,500000,Software
GetGems,operating,ISR,400000,Apps|Bitcoin|Messaging|Mobile Payments|Social Commerce|Virtual Currency
Getonic,operating,ISR,1300000,Curated Web
Gimao Networks,closed,ISR,300000,Curated Web|Facebook Applications|Social Media
Giraffic,operating,ISR,6500000,Consumer Electronics|Content|Software|Video|Video on Demand|Video Streaming
GlucoVista,operating,ISR,Nan,Health Care|Medical Devices
GoodyTag,operating,ISR,550000,Advertising|Apps|Coupons|Direct Marketing|Facebook Applications|Incentives|QR Codes|SEO|Social Media Advertising
GooodJob,operating,ISR,Nan,Mobile|Social Recruiting
Green Vision Systems,operating,ISR,5400000,Clean Technology
Greenlet Technologies,operating,ISR,541712,Clean Technology
GreenSQL,operating,ISR,14400000,Accounting|Security
GroopMeUp,operating,ISR,30000,Business Services|Networking|Social Media|Social Network Media
Groovideo,closed,ISR,Nan,Curated Web
GuardiCore,operating,ISR,11000000,Network Security|Security
HelpAround,operating,ISR,610000,Big Data|Diabetes|Health Care|Mobile Emergency&Health|Mobile Health
Hermes Innovation Ltd.,operating,ISR,Nan,Fashion|Internet of Things|Social Network Media|Wearables
Hexadite,operating,ISR,2500000,Security
Hingi,operating,ISR,3400000,Software
HIRO Media,operating,ISR,5000000,Advertising|Internet|Media|Video
Hubitus,operating,ISR,30000,All Students|Communities|Freelancers|Video Streaming
Hybrid Security,operating,ISR,500000,E-Commerce|Finance|Security|Telecommunications
I Am Real,operating,ISR,Nan,Consumer Lending|Cyber Security|Online Identity|Peer-to-Peer|Risk Management|Security
iAngels,operating,ISR,2250000,Crowdfunding|Finance|FinTech
iMedix Inc.,closed,ISR,2000000,Search
Immersia,operating,ISR,Nan,Apps|Games
INNOBI,operating,ISR,300000,Big Data|Enterprise Software|SaaS
InspireMD,ipo,ISR,24983103,Health Care
Interacting Technology,operating,ISR,2400000,Social Media Platforms|Social Network Media
Ioptima,operating,ISR,7200000,Medical Devices
ironSource,operating,ISR,105000000,Software
Jelly Button Games,operating,ISR,1500000,Social Games
Jinni,operating,ISR,7500000,Ad Targeting|Personalization|Semantic Search|Video on Demand
Jogli,closed,ISR,950000,Music
JoinTV,operating,ISR,Nan,E-Commerce|Social Media Marketing
Journeys,closed,ISR,600000,Curated Web|Travel|Virtual Worlds
JoyTunes,operating,ISR,7000000,Audio|EdTech|Education|Games|Music|SaaS
Kenshoo,operating,ISR,49660149,Advertising|Mobile Advertising|Search Marketing|Social Media Advertising
Kimonex,operating,ISR,Nan,B2B|Cloud Computing|SaaS
Kitchenbug,operating,ISR,Nan,Blogging Platforms|Browser Extensions|Software
LabOne Innovations,operating,ISR,3500000,
LabPixies,acquired,ISR,1000000,Curated Web|Web Tools
LATTO,operating,ISR,15000000,Computers|Enterprise Software|Mobile|Personalization|Tablets|Television|Video|Video on Demand|Video Streaming
Libox,closed,ISR,2000000,Curated Web|File Sharing|Media|Peer-to-Peer|Photo Sharing|Synchronization|Video
LifeBEAM,operating,ISR,2700000,Biotechnology|Fitness|Health Care
Lingua.ly,operating,ISR,1500000,EdTech|Education|Language Learning
Logz.io,operating,ISR,9200000,Analytics|Big Data Analytics|Enterprises
Lynxguard,operating,ISR,Nan,Security
Mabaya,operating,ISR,1200000,Big Data|E-Commerce|Marketing Automation|Monetization|Retail|Software
Make My plate,operating,ISR,835000,Consumers|Health and Wellness|Lifestyle|Nutrition
Matomy Media Group,ipo,ISR,17000000,Advertising|Digital Media|Mobile|Online Video Advertising|Search Marketing|Social Media Advertising|Virtual Currency
Meaningo,operating,ISR,150000,Data Mining|Text Analytics
MedyMatch,operating,ISR,Nan,Crowdsourcing|Diagnostics|Health Diagnostics|Medical|Medical Devices
Meekan,operating,ISR,870000,Email|Mobile|Mobile Enterprise|Online Scheduling|Productivity Software
MeteoNanLogic,operating,ISR,3000000,Algorithms|Big Data|Commodities|Energy|Machine Learning|Trading
Minerva Labs,operating,ISR,Nan,Security
Minute.,operating,ISR,4000000,Internet|Optimization|Video
Mipso,operating,ISR,1500000,E-Commerce|Fashion|Retail|SaaS|Software
MobileOCT,operating,ISR,Nan,Biotechnology|Digital Media|Health Care
Mobiwol Ltd,operating,ISR,500000,Mobile Security
mobli,operating,ISR,86045000,Curated Web|iPhone|Media|Mobile|Photography|Real Time|Social Media|Transportation|Video
Moments.me,operating,ISR,300000,Photography
Moolta,operating,ISR,Nan,Colleges|Curated Web|Sales and Marketing|Social Network Media|Video
Mximo,operating,ISR,500000,B2B|E-Commerce|Fashion|Mobile Commerce
MyCheck,operating,ISR,11100000,Mobile
Neboola,operating,ISR,Nan,Collaboration|Location Based Services|Social + Mobile + Local
Newvem,acquired,ISR,4000000,Cloud Computing|Enterprise Software|Security
Nextpeer,acquired,ISR,2900000,Games|iOS|Mobile|Mobile Games|Social Games
Niio,closed,ISR,850000,Art|Consumer Electronics|Digital Entertainment|Digital Media|HDTV|Marketplaces|Video
Notal Vision,operating,ISR,4000000,Medical Devices
NoviSign,operating,ISR,200000,Advertising|Android|Broadcasting|Digital Signage|Games|Mobile|Software
Nutrino,operating,ISR,Nan,Developer APIs|Health and Wellness|Mobile Health|Nutrition
Omgili,operating,ISR,600000,Content|Forums|Reviews and Recommendations|Search
Orckit Communications,ipo,ISR,5000000,Mobile|Networking|Telecommunications
OurCart,operating,ISR,1400000,Consumer Goods|Mobile Shopping
Overwolf,operating,ISR,5500000,FreetoPlay Gaming|Games|Social Games|Social Media
PacketLight,operating,ISR,18000000,Telecommunications
Parko,operating,ISR,1000000,Crowdsourcing|Navigation|Parking
Peakardo,operating,ISR,225000,Cloud Infrastructure|Digital Media|E-Commerce|Internet|Marketplaces|SaaS
Perception Point,operating,ISR,2000000,Cyber Security|Information Security|Network Security
Pixellot,operating,ISR,4900000,Broadcasting|Television|Video Streaming
Pixplit,operating,ISR,400000,Mobile
Platfarm,operating,ISR,118000,Agriculture|SaaS|Services
Platform Orthopedic Solutions,operating,ISR,30000,3D Technology|Health Care|Manufacturing
PlayArt Labs,operating,ISR,100000,Games
Playbuzz,operating,ISR,19800000,B2B|Digital Media|Entertainment
PlayScape,operating,ISR,15400000,Games
Playtika,acquired,ISR,1500000,Entertainment|Games|Social Games
PLYmedia,operating,ISR,5700000,Advertising|Advertising Networks|Advertising Platforms|Mobile Advertising|Performance Marketing|SaaS
Pollsb,closed,ISR,2000000,Identity|Market Research|Polling|Reviews and Recommendations|Social Network Media|Surveys|Web Hosting
Pops,closed,ISR,1500000,Mobile|Personalization
Pose,operating,ISR,1750000,CRM|Enterprises|Internet|Local Businesses|Point of Sale|Retail|SaaS|Small and Medium Businesses|Web Development
PostalGuard,operating,ISR,4000000,Software
Preen.Me,operating,ISR,800000,Beauty|Consumer Internet|E-Commerce|Social Commerce|Women
Prezma,operating,ISR,500000,Advertising|Facebook Applications|Social Media
PrimeSense,acquired,ISR,29400000,3D|Hardware|Hardware + Software|Sensors
QRuso,operating,ISR,Nan,Analytics|Apps|Curated Web|Mobile|Web CMS|Web Development
Quando Technologies,operating,ISR,150000,Curated Web|E-Commerce|Marketplaces|Mobile|Social Media
Radcom,ipo,ISR,8000019,Software|Telecommunications|VoIP
RADLIVE,closed,ISR,7650000,Hardware + Software
RADWIN,operating,ISR,Nan,Communications Hardware|Communications Infrastructure|Mobile|Telecommunications|Wireless
Ramot,operating,ISR,23500000,Travel
RankAbove,operating,ISR,Nan,Search Marketing|SEO|Software
Reduxio,operating,ISR,26900000,Web Hosting
Remini,operating,ISR,200000,Apps|Child Care|Education|Parenting|Teachers
RePark Social Parking,operating,ISR,100000,Collaborative Consumption|Mobile Payments|Parking
Riskified,operating,ISR,5650000,E-Commerce|Fraud Detection
RiT Technologies Ltd.,ipo,ISR,25329104,Communications Infrastructure
Rollout.io,operating,ISR,2000000,Apps|Internet|Mobile
Roomixer,operating,ISR,500000,Advertising|B2B|Hotels|Travel|Vacation Rentals
Rounds,operating,ISR,17000000,Chat|Entertainment|Video Chat
RoutePerfect,operating,ISR,Nan,Curated Web|Travel
Routier,operating,ISR,20000,Advertising Platforms|Cloud Data Services|Communications Infrastructure|Hospitality|Payments|Promotional|Transportation
Safend,acquired,ISR,16400000,Enterprise Software
SalesFloor.it,operating,ISR,Nan,Marketplaces|Retail|Sales Automation
Samba.me,operating,ISR,1630000,Messaging
Scalock,operating,ISR,4000000,Cyber Security|Security|Software|Virtualization
Scoreoid,operating,ISR,100000,B2B|Games
SCREEMO,operating,ISR,Nan,Advertising|Digital Media|Digital Signage|Enterprise Software|Mobile
Seeblings,operating,ISR,Nan,Gift Card|Mobile|Video
Sensibo,operating,ISR,735000,Consumer Electronics|Environmental Innovation|Green Building|Home Automation|Internet|Internet of Things|Mobile|Mobile Devices|Smart Building
Shook,closed,ISR,Nan,E-Commerce|Marketplaces|Social Media
Shopetti,operating,ISR,Nan,Consumer Internet|E-Commerce|Shopping
Shoptagr,operating,ISR,Nan,E-Commerce|Productivity Software
Sidekick Games,operating,ISR,150000,Application Platforms|Development Platforms|Games
Silent Communication,operating,ISR,5000000,Mobile
Sirin Mobile Technologies,operating,ISR,25000000,Mobile|Mobile Devices|Mobile Enterprise|Technology
Social Studios,operating,ISR,3800000,Promotional|Social Television|Software|Television
Soluto,acquired,ISR,18000000,Software
SolView,operating,ISR,700000,Solar
Somoto,operating,ISR,700000,Advertising|Software
SOOMLA,operating,ISR,5500000,Games|Mobile|Mobile Analytics|Mobile Games|Open Source|Predictive Analytics|Video Games|Virtual Goods
Sparkeo,operating,ISR,Nan,Enterprise Software
SpeakingPal,operating,ISR,1000000,EdTech|Education|English-Speaking|Language Learning
Splacer,operating,ISR,1400000,Events
Split,operating,ISR,1000000,Curated Web
SQream Technologies,operating,ISR,7400000,Analytics|Big Data|Business Intelligence|Enterprise Software|Geospatial
start A FIRE,operating,ISR,1100000,Curated Web
SteadyMed Therapeutics,ipo,ISR,15400122,Health Care|Pharmaceuticals
Stevie,operating,ISR,2100000,Social Media|Social Television|Television
Stix Games,closed,ISR,Nan,Online Gaming|Social Games|Social Network Media
StreamRail,operating,ISR,Nan,Analytics|SaaS|Technology|Video|Video Streaming
SuperDerivatives,acquired,ISR,20000000,Analytics|Finance|FinTech|Information Services|Internet|Risk Management
SwarmBuild,operating,ISR,20000,3D Printing|E-Commerce|Hardware|Internet|Manufacturing|Product Design
TVibes,operating,ISR,1000000,File Sharing|Video|Video Streaming
Takipi,operating,ISR,4500000,Analytics
Talking Layers,operating,ISR,Nan,Content|Publishing|Social Media|Social Network Media
Tap2print,operating,ISR,150000,Apps|Innovation Management|Moneymaking
Crowdx,operating,ISR,3000000,Crowdsourcing|Mobile|Software|Wireless
Techtium,operating,ISR,15000000,Semiconductors
Telesofia Medical,operating,ISR,1000000,Data Mining|Document Management|Medical|Video
The Box,operating,ISR,Nan,Advertising|Mobile|Television
The Box,closed,ISR,Nan,
The Gifts Project,acquired,ISR,1000000,E-Commerce|Entertainment|Facebook Applications|Gift Card|Private Social Networking|Social Commerce|Social Network Media
TheTime,operating,ISR,2000000,
TicTacTi,operating,ISR,1600000,Advertising|Games|Publishing|Video|Web Tools
TinyTap,operating,ISR,1500000,Apps|Babies|Creative|Education|Entertainment|Hardware|Health and Wellness|iPad|Kids|Photography
TipRanks,operating,ISR,3000000,Finance|SEO|Stock Exchanges
Toonimo,operating,ISR,2500000,Advertising|Graphics|Optimization|Software
Total Boox,operating,ISR,500000,Apps|E-Books|Internet|Software
TouchSpin Gaming AG,operating,ISR,1150000,FreetoPlay Gaming|Gambling|Mobile Games|Social Games
TourPal,operating,ISR,1950000,iOS|iPhone|Maps|Travel
TradAir,operating,ISR,18900000,Finance
Tradeo,operating,ISR,1000000,Social Media
TripTouch,operating,ISR,Nan,Events|Travel|Web Design
Tvinci,acquired,ISR,6100000,Games|Internet TV|Mobile Video|Television|Video|Video Streaming
Ubimo,operating,ISR,9500000,Mobile
United Parents Online Ltd,operating,ISR,900000,Software
Unomy,operating,ISR,Nan,Business Intelligence|Enterprise Software|Lead Generation|Sales and Marketing
User1st,closed,ISR,1000000,Internet|Software
VATBox,operating,ISR,24000000,Finance|Finance Technology|SaaS
Vectorious Medical Technologies,operating,ISR,5000000,Medical Devices
Veeda,closed,ISR,Nan,Content|Curated Web|Personalization|Semantic Web
VIDEOF.ME,operating,ISR,Nan,Events|Sports
Videostir,operating,ISR,797203,Personalization|Video|Web Tools
Vidit,operating,ISR,Nan,Crowdsourcing|Events|Games|Social Media|Synchronization|Video
Vigilant Technology,operating,ISR,394000,Hardware + Software
Visualead,operating,ISR,7350000,Advertising
Vodio Labs,operating,ISR,944814,iPad|Photography|Video
VtagO,closed,ISR,25000,Software|Video
W.S.C. Sports,operating,ISR,Nan,Sports
WakeApp Nan Mornings just got better,operating,ISR,75000,Music|Social Media|Utilities
Waveit,closed,ISR,125000,Apps
Webydo.,operating,ISR,13400000,Design|Web Design
Wedivite,operating,ISR,Nan,Event Management|Events|Photo Sharing|Social Media|Weddings
WeissBeerger,operating,ISR,7500000,Analytics|Craft Beer|Information Technology|Internet of Things
Wheeldo,operating,ISR,Nan,Content|Email Marketing|Gamification|Internet Marketing|Software
Wibki,operating,ISR,125000,Curated Web|Gamification|Social Bookmarking|Social Media
Windward,operating,ISR,15800000,Big Data Analytics
Winkapp,operating,ISR,Nan,Advertising|Mobile|Publishing|Telecommunications
Wisair,closed,ISR,55833663,Semiconductors
WiseStamp,operating,ISR,Nan,Brand Marketing|Browser Extensions|Email|Messaging|Social Media Advertising|Web Browsers
Wix,ipo,ISR,58500000,Curated Web|Design|Internet|Software|Web Design|Web Tools
WorkWith.me,closed,ISR,250000,Career Management|Human Resources|Recruiting|Social Recruiting
Worldclass,operating,ISR,800000,Apps|Mobile|Online Education|SaaS
Xplenty,operating,ISR,3000000,Big Data|Big Data Analytics|Business Intelligence|Cloud Computing|Data Integration|Enterprise Software|SaaS|Software
YaData,acquired,ISR,4300000,Advertising|Analytics
yapQ,operating,ISR,100000,Apps|Guides|Navigation|Travel & Tourism
Yedda,acquired,ISR,2500000,Media|Social Media
yes.no,closed,ISR,1000000,Q&A|Social Network Media
Yoovi,operating,ISR,200000,Photography|Social Media
Yotpo,operating,ISR,28000000,E-Commerce|Reviews and Recommendations|Social Commerce
YouLicense,operating,ISR,1100000,Marketplaces|Music|Social Media
YouTab,operating,ISR,2200000,Games|Music
Zeek,operating,ISR,3000000,E-Commerce|Mobile Commerce
Zikk Software Ltd.,operating,ISR,Nan,Crowdsourcing|Mobile|Networking
Zirra,operating,ISR,700000,Angels|Crowdfunding|Investment Management|Venture Capital
Zoliro,operating,ISR,Nan,Brand Marketing|Event Management|Events|Sponsorship
ZRRO,operating,ISR,2500000,Electronics
WikiBrains,operating,ISR,750000,Data Visualization|Digital Media
Accelario,operating,ISR,300000,Big Data|Databases|Information Technology
Adience,operating,ISR,1500000,Advertising|Mobile
Aniways,operating,ISR,1190000,Advertising|Chat|Messaging|Mobile|Social Media
Bliinder,operating,ISR,10000,Match-Making|Online Dating|Social Network Media
GamEffective,operating,ISR,3000000,Enterprise Software
Gauzy,operating,ISR,4000000,Manufacturing
Gigantt,operating,ISR,500000,Career Planning|Productivity Software|Project Management|Software
illusive networks,operating,ISR,27000000,Network Security
Movli,operating,ISR,1500000,Entertainment|Film|Games|Search|Social Network Media
Percepto,operating,ISR,1000000,Hardware|Mechanical Solutions|Software
Personalics,operating,ISR,Nan,Social Media
righTune,operating,ISR,600000,B2B|E-Commerce|Messaging|Music|Weddings
SeatID,operating,ISR,1000000,Social Media|Social Search|Travel
SHOWBOX,operating,ISR,8000000,Games|Internet|Software|Video
TabTale,operating,ISR,13500000,Games
Team8,operating,ISR,18000000,Cyber Security
Tingz.me,operating,ISR,Nan,Big Data|Internet|Mobile
Vascular Graft Solutions,operating,ISR,4800000,B2B|Healthcare Services|Hospitals|Medical Devices
Vidmind,operating,ISR,30000000,Android|Software|Television|Video|Video Streaming
Wikiwand,operating,ISR,600000,Education|Internet|Mobile|Productivity Software
SparkupReader,operating,ISR,150000,Consumer Electronics|Internet|Kids
MeMed,operating,ISR,Nan,Health Care|Health Diagnostics
Enertec Systems,operating,ISR,2800000,Manufacturing
Pixer Technology,operating,ISR,8700000,Semiconductors
CureTech,operating,ISR,4000000,Biotechnology
EnStorage,operating,ISR,17950000,Clean Technology
Highcon,operating,ISR,21373000,Consumer Goods|Manufacturing|Service Providers
MediWound,ipo,ISR,18000000,Biotechnology|Hospitals|Medical
NanoMaterials,operating,ISR,5000000,Nanotechnology
Polyheal,operating,ISR,1000000,Health Care
Avraham Pharmaceuticals,operating,ISR,22200000,Biotechnology
TaKaDu,operating,ISR,6000000,Clean Technology|Smart Grid
Vayyar,operating,ISR,12000000,3D|Mobile|Sensors
Celletra,acquired,ISR,5700000,Public Relations
CoreFlow,operating,ISR,3200000,Manufacturing
DefenSoft,operating,ISR,Nan,Security
Fashioholic,operating,ISR,1000000,Games
hoozin,operating,ISR,720000,Apps|Messaging|Mobile|Social Media
Imperative Networks,operating,ISR,2000000,Web Hosting
Kytera,operating,ISR,Nan,Health and Wellness|Health Care
MST,operating,ISR,13500000,Medical Devices|Technology
NEURONIX,operating,ISR,5500000,Health Care
NewACT,operating,ISR,6500000,Mobile
Oplus Technologies,acquired,ISR,10000000,Semiconductors
ReNanSec Technologies,operating,ISR,850000,B2B|Cloud Security|Cyber Security
RealView Imaging,operating,ISR,10000000,Health Care
Saguna Networks,operating,ISR,3200000,Mobile
Tevet Process Control Technologies,operating,ISR,2750000,Semiconductors
VocalZoom,operating,ISR,12700000,Audio|Biometrics|New Technologies|Sensors|Speech Recognition|Wireless
Whole Optics,closed,ISR,5000000,Semiconductors
SolariPhy,operating,ISR,3000000,Energy|Environmental Innovation|Solar
8hands,closed,ISR,1500000,Messaging|Public Relations|Social Media
Aniboom,operating,ISR,14500000,Collaboration|Games|Video
Appixia,closed,ISR,Nan,E-Commerce
Arava Power,operating,ISR,20000000,Clean Technology|Energy
Arideas,operating,ISR,80000,Advertising|Augmented Reality
Availo,operating,ISR,500000,Cloud Data Services|Mobile Enterprise
Bringg,operating,ISR,2500000,Software|Startups
Pounce,acquired,ISR,Nan,Bridging Online and Offline|E-Commerce|Mobile Commerce|Mobile Payments
CartMagnet,operating,ISR,Nan,Content|E-Commerce|Monetization|Online Shopping|Payments
Chi2gel,operating,ISR,658000,Biotechnology
Cimagine Media,operating,ISR,Nan,E-Commerce|Retail Technology
Colu,operating,ISR,2500000,Bitcoin|Developer APIs|Finance Technology|FinTech|Network Security
Commun.it,operating,ISR,100000,B2B|Sales and Marketing|Social CRM|Social Media|Software
CritiSense,operating,ISR,2200000,Biotechnology
Cronus Cyber Technologies,operating,ISR,2200000,Cyber Security
D Pharm LTD.,operating,ISR,33200000,Bio-Pharm|Business Development|Pharmaceuticals
discoapi,operating,ISR,150000,Content|Developer APIs|Search|Social Media
Docady,operating,ISR,1500000,Apps|Document Management|Events
Edenbase,operating,ISR,1100000,Software
Enlivex Therapeutics,operating,ISR,7000000,Health Care Information Technology|Medical Devices|Therapeutics
FanZone,operating,ISR,5500000,Entertainment|Social Network Media|Social Travel|Sports
RevAmp Technologies,operating,ISR,Nan,Clean Technology|Energy|Renewable Energies|Utilities
FiFully,operating,ISR,50000,E-Commerce|Fashion|Mobile Commerce
Friendsee,operating,ISR,1000000,Photography
GAMEin30,operating,ISR,1000000,Casual Games|Games|Messaging|Mobile|Mobile Games|Mobile Social|Social + Mobile + Local
GetEat,operating,ISR,1000000,Brand Marketing
GoTime Systems LTD.,closed,ISR,Nan,
Grid4C,operating,ISR,1500000,Environmental Innovation
HearMeOut,operating,ISR,750000,Apps|Audio|Entertainment|Social Network Media
Ku,operating,ISR,850000,iPhone|Mobile|Networking|Social Media
Hola,operating,ISR,24000000,Internet|Software
IDesia,closed,ISR,Nan,
IgnitAd,closed,ISR,4000000,Advertising
Immunovative Therapies,operating,ISR,12000000,Biotechnology|Pharmaceuticals
imVision Software Technologies Ltd.,operating,ISR,Nan,Information Technology|Telecommunications|Video
Ineze,operating,ISR,Nan,Search
insert,operating,ISR,5000000,Mobile
Intendu,operating,ISR,1200000,Health Care|Neuroscience
Intucell,acquired,ISR,8500000,Mobile
Jag.ag,closed,ISR,Nan,Mobile
Jovie,operating,ISR,500000,Apps|Kids|Video
Kanarit Music Ltd.,operating,ISR,Nan,Health Care|Music
KnockaTV,closed,ISR,4500000,Content|Games|Television|Video
Leviticus Cardio,operating,ISR,1500000,Medical Devices
LuckyFish Games,operating,ISR,1600000,Game
Lumenis,acquired,ISR,120000000,Biotechnology|Health Care|Medical
Lycium Networks,closed,ISR,8000000,Networking|Services|Technology
Magink display technologies,operating,ISR,37500000,Games
Matomy Money,acquired,ISR,1000000,Advertising
Medic Vision Brain Technologies,operating,ISR,1000000,Biotechnology
Metaform,operating,ISR,2881355.932,B2B|Biometrics|Image Recognition|Security
Morphisec,operating,ISR,7000000,Software
MValve technologies,operating,ISR,15000000,Medical Devices
Myndlift,operating,ISR,880000,Health and Wellness|Health Care Information Technology|Medical
MySizeID,ipo,ISR,4000000,Internet
myTwins,operating,ISR,Nan,
Netafim,operating,ISR,500000000,Agriculture|Clean Technology
Nolio,acquired,ISR,5000000,Software
Oktopost,operating,ISR,800000,B2B|SaaS|Social Media|Social Media Marketing|Software
OrthoSpace,operating,ISR,8000000,Biotechnology
Digital Layers Inc.,operating,ISR,2000000,Apps|Mobile Social|Music Services
PayBox,operating,ISR,100000,E-Commerce|Mobile Commerce|Mobile Payments|Payments|Peer-to-Peer|Social Commerce
Pegasus Technologies,acquired,ISR,9800000,Hardware + Software
Phytech,operating,ISR,3000000,Analytics
PicBadges,operating,ISR,Nan,Curated Web|Facebook Applications|Fashion
"Rainbow Medical, Ltd.",operating,ISR,25000000,Medical Devices
Relevancy Data,operating,ISR,20323,Advertising|Internet
Revolver,operating,ISR,500000,Games
Roojoom,operating,ISR,600000,Advertising|Internet Marketing|Software
RR Media,ipo,ISR,37400000,Enterprise Software|Telecommunications
SHADOW.COM,operating,ISR,3000000,Reviews and Recommendations|Search|Service Providers|Social Network Media
Shaker,operating,ISR,18000000,Natural Resources|Real Time|Social Media
Simplex,operating,ISR,1400000,Bitcoin|FinTech|Fraud Detection|Payments
SkyFormation,operating,ISR,Nan,Cloud Security|Data Security|Security
Social Fabrics,closed,ISR,Nan,Incentives|Reviews and Recommendations|Social Buying|Travel
Solebit LABS,operating,ISR,2000000,Computers|Cyber Security
Solocam,operating,ISR,13292,Photography
SoniVie,operating,ISR,2500000,
SpaceIL,operating,ISR,22400000,Public Relations|Space Travel
SponDooliesNanTech,operating,ISR,6500000,Hardware|Virtual Currency
StarNet Interactive,acquired,ISR,2700000,Curated Web
SureVisit,operating,ISR,2670000,B2B|SEO|Software
Swapper Trade,operating,ISR,100000,Coupons|E-Commerce
Sync.ME,operating,ISR,4000000,Software
TagMoment,operating,ISR,Nan,Mobile|Photography|Services|Social Media
TAKO,operating,ISR,Nan,Enterprises|Internet|Mobile|Software
Takwin Labs,operating,ISR,4500000,Social Commerce
Taranis,closed,ISR,Nan,Software
TechnionNanMachon Technologi Le' Israel,operating,ISR,6000000,Education
Topspin Medical,operating,ISR,16500000,Health Care Information Technology
TrackingDesk,operating,ISR,Nan,Advertising Platforms|Performance Marketing|Tracking
TransBiodiesel,operating,ISR,1500000,Biotechnology
Ubertesters,operating,ISR,250000,Android|iOS|iPhone|Mobile
Valcare Medical,operating,ISR,8000000,Health and Wellness|Medical Devices
Valensum,operating,ISR,5010000,Software
VideoDubber,operating,ISR,264000,Software
virtual tweens ltd,operating,ISR,Nan,Entertainment|Internet|Mobile|Social Media
VPNgeist,operating,ISR,Nan,Technology
WebyClip,operating,ISR,4200000,Internet
Yallo,operating,ISR,6300000,Apps|Mobile
Yokee by Famous Blue Media,operating,ISR,Nan,Audio|iPhone|Mobile|Music
YouFig,operating,ISR,268000,Collaboration|Enterprise Software|Networking
