,st_fips,st_year,st_state,st_stateabb,st_total,st_dem,st_rep,st_repshare,st_demshare,st_income,st_inc10k
0,1,1968,Alabama,AL,1050,197,147,0.427325576543808,0.5726743936538696,11662.7568359375,1.1662757396697998
1,2,1968,Alaska,AK,83,35,38,0.5205479264259338,0.4794520437717438,20388.44921875,2.0388448238372803
2,4,1968,Arizona,AZ,487,171,267,0.6095890402793884,0.3904109597206116,14864.884765625,1.4864884614944458
3,5,1968,Arkansas,AR,610,185,189,0.5053476095199585,0.4946524202823639,11124.0810546875,1.11240816116333
4,6,1968,California,CA,7252,3244,3468,0.5166865587234497,0.4833134710788727,19362.400390625,1.9362400770187378
5,8,1968,Colorado,CO,811,335,409,0.5497311949729919,0.45026880502700806,15724.201171875,1.5724201202392578
6,9,1968,Connecticut,CT,1256,622,557,0.47243425250053406,0.5275657176971436,20666.337890625,2.066633701324463
7,10,1968,Delaware,DE,214,89,97,0.5215053558349609,0.4784946143627167,18857.92578125,1.88579261302948
8,12,1968,Florida,FL,2188,677,887,0.5671355724334717,0.4328644573688507,15621.5966796875,1.5621596574783325
9,13,1968,Georgia,GA,1250,334,380,0.5322129130363464,0.46778711676597595,13449.79296875,1.3449792861938477
10,15,1968,Hawaii,HI,236,141,91,0.39224138855934143,0.607758641242981,19422.25390625,1.9422253370285034
11,16,1968,Idaho,ID,291,89,165,0.6496062874794006,0.35039371252059937,13847.38671875,1.3847386837005615
12,17,1968,Illinois,IL,4620,2040,2175,0.5160142183303833,0.4839857518672943,18562.9375,1.856293797492981
13,18,1968,Indiana,IN,2124,807,1068,0.569599986076355,0.430400013923645,15758.4033203125,1.5758403539657593
14,19,1968,Iowa,IA,1168,477,619,0.5647810101509094,0.4352189898490906,15630.146484375,1.5630146265029907
15,20,1968,Kansas,KS,873,303,479,0.6125319600105286,0.38746803998947144,15176.9755859375,1.5176975727081299
16,21,1968,Kentucky,KY,1056,398,462,0.5372093319892883,0.46279069781303406,12624.677734375,1.2624677419662476
17,22,1968,Louisiana,LA,1097,310,258,0.4542253613471985,0.5457746386528015,12346.7900390625,1.2346789836883545
18,23,1968,Maine,ME,393,217,169,0.4378238320350647,0.5621761679649353,13385.6650390625,1.338566541671753
19,24,1968,Maryland,MD,1235,538,518,0.4905303120613098,0.5094696879386902,17938.7578125,1.793875813484192
20,25,1968,Massachusetts,MA,2332,1469,767,0.34302327036857605,0.6569767594337463,17960.1328125,1.7960132360458374
21,26,1968,Michigan,MI,3306,1593,1371,0.4625506103038788,0.5374494194984436,17780.57421875,1.7780574560165405
22,27,1968,Minnesota,MN,1589,858,659,0.4344100058078766,0.565589964389801,16104.6943359375,1.6104694604873657
23,28,1968,Mississippi,MS,655,151,89,0.3708333373069763,0.6291666626930237,10213.462890625,1.0213463306427002
24,29,1968,Missouri,MO,1810,791,812,0.5065501928329468,0.49344977736473083,15249.6533203125,1.5249652862548828
25,30,1968,Montana,MT,274,114,139,0.5494071245193481,0.45059287548065186,14018.39453125,1.4018394947052002
26,31,1968,Nebraska,NE,537,171,321,0.6524389982223511,0.34756097197532654,15262.4794921875,1.5262479782104492
27,32,1968,Nevada,NV,154,61,73,0.5447761416435242,0.4552238881587982,19276.896484375,1.9276896715164185
28,33,1968,New Hampshire,NH,297,131,155,0.5419580340385437,0.4580419659614563,15972.1630859375,1.5972163677215576
29,34,1968,New Jersey,NJ,2875,1264,1325,0.5117806196212769,0.48821938037872314,19289.720703125,1.9289721250534058
30,35,1968,New Mexico,NM,327,130,170,0.5666666626930237,0.4333333373069763,12440.8447265625,1.2440844774246216
31,36,1968,New York,NY,6790,3378,3008,0.4710303843021393,0.5289696455001831,19614.63671875,1.9614636898040771
32,37,1968,North Carolina,NC,1587,464,627,0.5747020840644836,0.42529788613319397,12979.5205078125,1.2979520559310913
33,38,1968,North Dakota,ND,248,95,139,0.5940170884132385,0.4059829115867615,13150.5283203125,1.31505286693573
34,39,1968,Ohio,OH,3960,1701,1791,0.5128865838050842,0.48711341619491577,16758.80078125,1.6758800745010376
35,40,1968,Oklahoma,OK,943,302,450,0.5984042286872864,0.40159574151039124,13680.6533203125,1.368065357208252
36,41,1968,Oregon,OR,820,359,408,0.53194260597229,0.4680573642253876,15664.3486328125,1.5664348602294922
37,42,1968,Pennsylvania,PA,4748,2259,2090,0.4805702567100525,0.5194297432899475,16288.5283203125,1.6288528442382812
38,44,1968,Rhode Island,RI,385,247,122,0.3306232988834381,0.6693766713142395,16472.361328125,1.6472361087799072
39,45,1968,South Carolina,SC,667,197,254,0.5631929039955139,0.4368070960044861,12026.1494140625,1.2026149034500122
40,46,1968,South Dakota,SD,281,118,150,0.5597015023231506,0.44029849767684937,12864.08984375,1.2864090204238892
41,47,1968,Tennessee,TN,1249,351,473,0.5740291476249695,0.4259708821773529,12603.3017578125,1.2603302001953125
42,48,1968,Texas,TX,3079,1267,1228,0.4921843707561493,0.5078156590461731,14368.9619140625,1.4368962049484253
43,49,1968,Utah,UT,423,157,239,0.6035353541374207,0.39646464586257935,13223.20703125,1.3223206996917725
44,50,1968,Vermont,VT,161,70,85,0.5483871102333069,0.4516128897666931,14407.4384765625,1.4407438039779663
45,51,1968,Virginia,VA,1361,442,590,0.5717054009437561,0.4282945692539215,15194.076171875,1.5194076299667358
46,53,1968,Washington,WA,1304,616,589,0.4887966811656952,0.5112033486366272,17451.384765625,1.7451385259628296
47,54,1968,West Virginia,WV,754,374,308,0.4516128897666931,0.5483871102333069,11919.26953125,1.1919269561767578
48,55,1968,Wisconsin,WI,1692,749,810,0.5195637941360474,0.48043617606163025,16014.9150390625,1.6014914512634277
49,56,1968,Wyoming,WY,127,45,71,0.6120689511299133,0.38793104887008667,15249.6533203125,1.5249652862548828
50,1,1972,Alabama,AL,1006,257,729,0.7393509149551392,0.26064908504486084,13216.3857421875,1.321638584136963
51,2,1972,Alaska,AK,95,33,55,0.625,0.375,22356.373046875,2.2356371879577637
52,4,1972,Arizona,AZ,654,199,403,0.6694352030754089,0.33056479692459106,16834.845703125,1.6834845542907715
53,5,1972,Arkansas,AR,648,199,446,0.6914728879928589,0.3085271418094635,12747.1865234375,1.2747186422348022
54,6,1972,California,CA,8368,3476,4602,0.5696954727172852,0.43030452728271484,20472.072265625,2.0472071170806885
55,8,1972,Colorado,CO,954,330,597,0.6440129280090332,0.3559870421886444,17964.67578125,1.7964675426483154
56,9,1972,Connecticut,CT,1384,555,811,0.5937042236328125,0.4062957465648651,21372.93359375,2.1372933387756348
57,10,1972,Delaware,DE,236,92,140,0.6034482717514038,0.3965517282485962,19886.51171875,1.988651156425476
58,12,1972,Florida,FL,2583,718,1858,0.7212733030319214,0.2787266969680786,17668.140625,1.766814112663269
59,13,1972,Georgia,GA,1175,290,881,0.7523484230041504,0.2476515769958496,15100.6865234375,1.510068655014038
60,15,1972,Hawaii,HI,270,101,169,0.6259258985519409,0.3740740716457367,21346.658203125,2.1346657276153564
61,16,1972,Idaho,ID,310,81,199,0.7107142806053162,0.28928571939468384,15461.03125,1.5461031198501587
62,17,1972,Illinois,IL,4723,1913,2788,0.5930653214454651,0.4069347083568573,19755.13671875,1.9755136966705322
63,18,1972,Indiana,IN,2126,709,1405,0.6646168231964111,0.3353831470012665,16620.890625,1.6620891094207764
64,19,1972,Iowa,IA,1226,496,706,0.5873544216156006,0.4126455783843994,16842.3515625,1.6842352151870728
65,20,1972,Kansas,KS,916,270,620,0.6966292262077332,0.30337077379226685,17326.564453125,1.732656478881836
66,21,1972,Kentucky,KY,1067,371,676,0.6456542611122131,0.35434573888778687,13873.263671875,1.3873263597488403
67,22,1972,Louisiana,LA,1051,298,687,0.6974619030952454,0.30253806710243225,13430.33984375,1.343034029006958
68,23,1972,Maine,ME,417,161,256,0.6139088869094849,0.38609111309051514,14485.0986328125,1.4485098123550415
69,24,1972,Maryland,MD,1354,506,829,0.6209737658500671,0.3790262043476105,19826.455078125,1.9826455116271973
70,25,1972,Massachusetts,MA,2459,1333,1112,0.45480573177337646,0.5451942682266235,19177.083984375,1.917708396911621
71,26,1972,Michigan,MI,3490,1459,1962,0.5735164880752563,0.42648348212242126,18644.07421875,1.8644074201583862
72,27,1972,Minnesota,MN,1742,802,898,0.5282353162765503,0.4717647135257721,17322.810546875,1.7322810888290405
73,28,1972,Mississippi,MS,646,127,505,0.7990506291389465,0.20094937086105347,11962.6865234375,1.1962686777114868
74,29,1972,Missouri,MO,1853,699,1154,0.6227738857269287,0.3772261142730713,16695.962890625,1.6695963144302368
75,30,1972,Montana,MT,318,120,184,0.6052631735801697,0.3947368562221527,16260.5458984375,1.6260546445846558
76,31,1972,Nebraska,NE,576,170,406,0.7048611044883728,0.2951388955116272,16992.49609375,1.6992496252059937
77,32,1972,Nevada,NV,182,66,116,0.6373626589775085,0.36263737082481384,20892.474609375,2.089247465133667
78,33,1972,New Hampshire,NH,334,116,214,0.6484848260879517,0.35151514410972595,16587.107421875,1.6587107181549072
79,34,1972,New Jersey,NJ,2997,1102,1846,0.626187264919281,0.3738127648830414,20716.0546875,2.0716054439544678
80,35,1972,New Mexico,NM,386,141,236,0.6259946823120117,0.3740053176879883,14083.46484375,1.4083465337753296
81,36,1972,New York,NY,7162,2951,4193,0.5869261026382446,0.41307389736175537,20753.591796875,2.0753591060638428
82,37,1972,North Carolina,NC,1519,439,1055,0.7061579823493958,0.29384204745292664,14578.9384765625,1.4578938484191895
83,38,1972,North Dakota,ND,281,100,174,0.6350364685058594,0.36496350169181824,16470.74609375,1.647074580192566
84,39,1972,Ohio,OH,4095,1559,2442,0.6103473901748657,0.3896525800228119,17585.5625,1.7585562467575073
85,40,1972,Oklahoma,OK,1030,247,759,0.7544731497764587,0.24552683532238007,15078.1650390625,1.5078165531158447
86,41,1972,Oregon,OR,928,393,487,0.5534090995788574,0.4465909004211426,17285.275390625,1.728527545928955
87,42,1972,Pennsylvania,PA,4592,1797,2715,0.6017287373542786,0.39827126264572144,17566.794921875,1.7566795349121094
88,44,1972,Rhode Island,RI,416,195,220,0.5301204919815063,0.46987950801849365,17337.826171875,1.7337826490402222
89,45,1972,South Carolina,SC,678,189,478,0.7166416645050049,0.2833583354949951,13482.890625,1.3482890129089355
90,46,1972,South Dakota,SD,307,140,166,0.5424836874008179,0.4575163424015045,15277.10546875,1.5277105569839478
91,47,1972,Tennessee,TN,1201,357,813,0.6948717832565308,0.30512821674346924,14248.6220703125,1.424862265586853
92,48,1972,Texas,TX,3471,1154,2299,0.6657978296279907,0.3342021405696869,15693.75390625,1.5693753957748413
93,49,1972,Utah,UT,478,126,324,0.7200000286102295,0.2800000011920929,14939.2822265625,1.4939281940460205
94,50,1972,Vermont,VT,187,68,117,0.6324324607849121,0.3675675690174103,15588.6533203125,1.5588653087615967
95,51,1972,Virginia,VA,1457,439,988,0.69236159324646,0.30763840675354004,16834.845703125,1.6834845542907715
96,53,1972,Washington,WA,1471,568,837,0.5957295298576355,0.4042704701423645,17724.4453125,1.772444486618042
97,54,1972,West Virginia,WV,762,277,485,0.6364829540252686,0.36351704597473145,13786.9306640625,1.3786931037902832
98,55,1972,Wisconsin,WI,1853,810,989,0.5497498512268066,0.45025014877319336,17255.24609375,1.725524663925171
99,56,1972,Wyoming,WY,146,44,100,0.6944444179534912,0.3055555522441864,17600.576171875,1.7600575685501099
100,1,1976,Alabama,AL,1183,659,504,0.4333620071411133,0.5666379928588867,14647.67578125,1.464767575263977
101,2,1976,Alaska,AK,124,44,72,0.6206896305084229,0.37931033968925476,33434.3125,3.343431234359741
102,4,1976,Arizona,AZ,743,296,419,0.5860139727592468,0.4139860272407532,16740.595703125,1.6740596294403076
103,5,1976,Arkansas,AR,769,500,269,0.34980493783950806,0.6501950621604919,14209.23828125,1.4209238290786743
104,6,1976,California,CA,7867,3742,3882,0.509181559085846,0.49081847071647644,21577.1953125,2.157719612121582
105,8,1976,Colorado,CO,1081,460,584,0.5593869686126709,0.4406130313873291,18998.962890625,1.899896264076233
106,9,1976,Connecticut,CT,1382,648,719,0.5259692668914795,0.4740307331085205,21737.12890625,2.173712968826294
107,10,1976,Delaware,DE,236,123,110,0.4721029996871948,0.5278970003128052,20259.126953125,2.0259127616882324
108,12,1976,Florida,FL,3151,1636,1470,0.4732775390148163,0.5267224907875061,17562.3203125,1.7562320232391357
109,13,1976,Georgia,GA,1467,979,484,0.3308270573616028,0.6691729426383972,15684.484375,1.5684484243392944
110,15,1976,Hawaii,HI,291,147,140,0.4878048896789551,0.5121951103210449,21759.189453125,2.1759190559387207
111,16,1976,Idaho,ID,341,127,204,0.616314172744751,0.38368579745292664,16787.47265625,1.678747296333313
112,17,1976,Illinois,IL,4719,2271,2364,0.5100323557853699,0.4899676442146301,21020.1875,2.1020188331604004
113,18,1976,Indiana,IN,2220,1015,1184,0.5384265780448914,0.46157345175743103,17923.548828125,1.792354941368103
114,19,1976,Iowa,IA,1279,620,633,0.5051875710487366,0.4948124587535858,18149.662109375,1.8149662017822266
115,20,1976,Kansas,KS,958,430,503,0.5391210913658142,0.4608788788318634,18510.890625,1.8510891199111938
116,21,1976,Kentucky,KY,1167,616,532,0.46341463923454285,0.5365853905677795,15033.7216796875,1.5033721923828125
117,22,1976,Louisiana,LA,1278,661,587,0.47035256028175354,0.5296474099159241,15317.7412109375,1.5317741632461548
118,23,1976,Maine,ME,483,232,236,0.504273533821106,0.49572649598121643,15723.0888671875,1.572308897972107
119,24,1976,Maryland,MD,1432,760,673,0.46964409947395325,0.5303558707237244,20783.044921875,2.0783045291900635
120,25,1976,Massachusetts,MA,2548,1429,1030,0.4188694655895233,0.5811305642127991,19296.76953125,1.9296770095825195
121,26,1976,Michigan,MI,3654,1697,1894,0.5274296998977661,0.4725703001022339,19555.970703125,1.9555970430374146
122,27,1976,Minnesota,MN,1950,1070,819,0.4335627257823944,0.5664372444152832,18524.677734375,1.8524677753448486
123,28,1976,Mississippi,MS,769,381,367,0.490641713142395,0.509358286857605,13081.43359375,1.3081433773040771
124,29,1976,Missouri,MO,1954,998,927,0.4815584421157837,0.5184415578842163,17396.873046875,1.7396873235702515
125,30,1976,Montana,MT,329,149,174,0.5386996865272522,0.4613003134727478,17071.4921875,1.7071492671966553
126,31,1976,Nebraska,NE,608,234,360,0.6060606241226196,0.39393940567970276,17749.828125,1.7749828100204468
127,32,1976,Nevada,NV,202,92,101,0.5233160853385925,0.47668394446372986,21356.599609375,2.13565993309021
128,33,1976,New Hampshire,NH,340,148,186,0.5568862557411194,0.443113774061203,17247.96875,1.7247968912124634
129,34,1976,New Jersey,NJ,3014,1445,1510,0.5109983086585999,0.48900169134140015,21243.54296875,2.124354362487793
130,35,1976,New Mexico,NM,417,201,211,0.512135922908783,0.48786407709121704,15229.501953125,1.5229501724243164
131,36,1976,New York,NY,6525,3390,3101,0.4777384102344513,0.5222616195678711,20603.810546875,2.0603809356689453
132,37,1976,North Carolina,NC,1678,927,742,0.4445776045322418,0.5554224252700806,15383.9208984375,1.5383920669555664
133,38,1976,North Dakota,ND,297,136,153,0.529411792755127,0.47058823704719543,17049.431640625,1.7049431800842285
134,39,1976,Ohio,OH,4112,2012,2001,0.49862945079803467,0.5013705492019653,18612.916015625,1.8612916469573975
135,40,1976,Oklahoma,OK,1092,532,546,0.5064935088157654,0.4935064911842346,16484.150390625,1.6484150886535645
136,41,1976,Oregon,OR,1030,490,492,0.5010183453559875,0.49898168444633484,19034.810546875,1.9034810066223145
137,42,1976,Pennsylvania,PA,4621,2329,2206,0.4864388108253479,0.5135611891746521,18748.033203125,1.8748033046722412
138,44,1976,Rhode Island,RI,411,228,181,0.44254279136657715,0.5574572086334229,17669.86328125,1.76698637008667
139,45,1976,South Carolina,SC,803,451,346,0.4341279864311218,0.5658720135688782,14493.2578125,1.4493257999420166
140,46,1976,South Dakota,SD,301,147,152,0.5083612203598022,0.49163880944252014,15403.22265625,1.5403223037719727
141,47,1976,Tennessee,TN,1476,826,634,0.43424656987190247,0.5657534003257751,15353.587890625,1.5353587865829468
142,48,1976,Texas,TX,4072,2082,1953,0.4840148687362671,0.5159851312637329,17523.716796875,1.7523716688156128
143,49,1976,Utah,UT,541,182,338,0.6499999761581421,0.3499999940395355,15883.0224609375,1.5883022546768188
144,50,1976,Vermont,VT,188,81,102,0.5573770403862,0.44262295961380005,15833.3876953125,1.583338737487793
145,51,1976,Virginia,VA,1697,814,837,0.5069654583930969,0.4930345118045807,18061.423828125,1.8061423301696777
146,53,1976,Washington,WA,1556,717,778,0.5204013586044312,0.47959867119789124,19782.083984375,1.9782084226608276
147,54,1976,West Virginia,WV,751,436,315,0.41944074630737305,0.580559253692627,15080.5986328125,1.5080598592758179
148,55,1976,Wisconsin,WI,2101,1040,1005,0.4914425313472748,0.5085574388504028,18408.86328125,1.8408863544464111
149,56,1976,Wyoming,WY,156,62,93,0.6000000238418579,0.4000000059604645,19919.95703125,1.9919956922531128
150,1,1980,Alabama,AL,1342,637,654,0.5065840482711792,0.4934159517288208,14920.732421875,1.4920732975006104
151,2,1980,Alaska,AK,158,42,86,0.671875,0.328125,28306.740234375,2.830673933029175
152,4,1980,Arizona,AZ,874,247,530,0.6821106672286987,0.31788933277130127,18134.8984375,1.8134897947311401
153,5,1980,Arkansas,AR,838,398,403,0.5031210780143738,0.49687889218330383,14326.6455078125,1.4326645135879517
154,6,1980,California,CA,8587,3084,4525,0.5946905016899109,0.4053094983100891,22756.212890625,2.275621175765991
155,8,1980,Colorado,CO,1184,368,652,0.6392157077789307,0.3607843220233917,20461.740234375,2.0461740493774414
156,9,1980,Connecticut,CT,1406,542,677,0.5553732514381409,0.44462674856185913,23529.287109375,2.352928638458252
157,10,1980,Delaware,DE,236,106,111,0.5115207433700562,0.48847925662994385,20465.548828125,2.0465548038482666
158,12,1980,Florida,FL,3687,1419,2047,0.5905943512916565,0.4094056487083435,18913.685546875,1.8913685083389282
159,13,1980,Georgia,GA,1597,891,654,0.42330098152160645,0.5766990184783936,16032.7421875,1.6032742261886597
160,15,1980,Hawaii,HI,303,136,130,0.4887218177318573,0.5112782120704651,21788.916015625,2.178891658782959
161,16,1980,Idaho,ID,437,110,291,0.7256857752799988,0.2743142247200012,16466.8828125,1.6466882228851318
162,17,1980,Illinois,IL,4750,1981,2358,0.5434432029724121,0.4565567970275879,20954.908203125,2.0954909324645996
163,18,1980,Indiana,IN,2242,844,1256,0.5980952382087708,0.40190476179122925,17849.279296875,1.7849279642105103
164,19,1980,Iowa,IA,1318,509,676,0.5704641342163086,0.4295358657836914,18251.048828125,1.825104832649231
165,20,1980,Kansas,KS,980,326,567,0.6349384188652039,0.36506158113479614,18951.767578125,1.8951767683029175
166,21,1980,Kentucky,KY,1295,616,635,0.5075939297676086,0.49240607023239136,15571.9443359375,1.557194471359253
167,22,1980,Louisiana,LA,1549,708,793,0.528314471244812,0.471685528755188,16712.515625,1.6712515354156494
168,23,1980,Maine,ME,523,221,239,0.519565224647522,0.480434775352478,15893.7412109375,1.58937406539917
169,24,1980,Maryland,MD,1540,726,681,0.4840085208415985,0.5159914493560791,21301.458984375,2.130145788192749
170,25,1980,Massachusetts,MA,2524,1054,1058,0.5009469985961914,0.499053031206131,20187.544921875,2.018754482269287
171,26,1980,Michigan,MI,3910,1662,1915,0.5353648066520691,0.4646351635456085,19639.158203125,1.9639158248901367
172,27,1980,Minnesota,MN,2052,954,873,0.47783252596855164,0.5221675038337708,19528.71875,1.9528719186782837
173,28,1980,Mississippi,MS,893,429,441,0.5068965554237366,0.4931034445762634,13342.2119140625,1.3342212438583374
174,29,1980,Missouri,MO,2100,931,1074,0.5356608629226685,0.46433916687965393,17754.072265625,1.7754071950912476
175,30,1980,Montana,MT,364,118,207,0.63692307472229,0.36307692527770996,17247.57421875,1.724757432937622
176,31,1980,Nebraska,NE,641,167,420,0.7155025601387024,0.2844974398612976,17441.794921875,1.7441794872283936
177,32,1980,Nevada,NV,248,67,155,0.6981981992721558,0.30180180072784424,22278.275390625,2.227827548980713
178,33,1980,New Hampshire,NH,384,109,222,0.670694887638092,0.32930514216423035,18755.642578125,1.8755642175674438
179,34,1980,New Jersey,NJ,2976,1147,1547,0.5742390751838684,0.425760954618454,22291.60546875,2.2291605472564697
180,35,1980,New Mexico,NM,457,168,251,0.5990453362464905,0.4009546637535095,15891.8369140625,1.5891836881637573
181,36,1980,New York,NY,6202,2728,2894,0.5147634148597717,0.48523658514022827,20973.94921875,2.0973949432373047
182,37,1980,North Carolina,NC,1856,876,915,0.5108878016471863,0.4891122281551361,15604.314453125,1.5604314804077148
183,38,1980,North Dakota,ND,302,79,194,0.7106227278709412,0.2893773019313812,15055.92578125,1.5055925846099854
184,39,1980,Ohio,OH,4284,1752,2207,0.5574640035629272,0.44253599643707275,19128.8515625,1.9128851890563965
185,40,1980,Oklahoma,OK,1150,402,696,0.6338797807693481,0.36612021923065186,18100.623046875,1.810062289237976
186,41,1980,Oregon,OR,1182,457,571,0.5554474592208862,0.44455254077911377,19256.427734375,1.925642728805542
187,42,1980,Pennsylvania,PA,4562,1938,2262,0.5385714173316956,0.46142858266830444,19203.11328125,1.9203113317489624
188,44,1980,Rhode Island,RI,416,198,155,0.4390934705734253,0.5609065294265747,18426.228515625,1.8426228761672974
189,45,1980,South Carolina,SC,894,430,442,0.5068807601928711,0.4931192696094513,14743.6494140625,1.474364995956421
190,46,1980,South Dakota,SD,328,104,198,0.6556291580200195,0.34437087178230286,15372.0107421875,1.5372010469436646
191,47,1980,Tennessee,TN,1618,783,788,0.5015913248062134,0.49840864539146423,15726.177734375,1.572617769241333
192,48,1980,Texas,TX,4542,1881,2511,0.5717213153839111,0.42827868461608887,18812.767578125,1.8812767267227173
193,49,1980,Utah,UT,604,124,440,0.7801418304443359,0.21985815465450287,16186.9765625,1.6186976432800293
194,50,1980,Vermont,VT,213,82,95,0.5367231369018555,0.46327683329582214,16400.23828125,1.6400238275527954
195,51,1980,Virginia,VA,1866,752,990,0.5683122873306274,0.43168771266937256,19315.455078125,1.9315454959869385
196,53,1980,Washington,WA,1742,650,865,0.5709571242332458,0.42904290556907654,20625.494140625,2.062549352645874
197,54,1980,West Virginia,WV,738,367,334,0.476462185382843,0.523537814617157,15457.6962890625,1.5457695722579956
198,55,1980,Wisconsin,WI,2273,982,1089,0.5258329510688782,0.4741670787334442,19245.00390625,1.9245003461837769
199,56,1980,Wyoming,WY,177,49,111,0.6937500238418579,0.3062500059604645,22312.55078125,2.231255054473877
200,1,1984,Alabama,AL,1442,552,873,0.6126315593719482,0.38736841082572937,16313.673828125,1.6313673257827759
201,2,1984,Alaska,AK,208,62,138,0.6899999976158142,0.3100000023841858,29451.59375,2.945159435272217
202,4,1984,Arizona,AZ,1026,334,681,0.6709359884262085,0.3290640413761139,19459.224609375,1.9459224939346313
203,5,1984,Arkansas,AR,884,339,535,0.6121281385421753,0.3878718614578247,15963.3291015625,1.5963329076766968
204,6,1984,California,CA,9505,3923,5467,0.5822151303291321,0.4177848696708679,24152.6328125,2.4152631759643555
205,8,1984,Colorado,CO,1295,455,822,0.6436961889266968,0.3563038408756256,22316.34375,2.2316343784332275
206,9,1984,Connecticut,CT,1467,570,891,0.6098562479019165,0.3901437222957611,26535.580078125,2.6535580158233643
207,10,1984,Delaware,DE,255,102,152,0.5984252095222473,0.4015747904777527,22337.486328125,2.2337486743927
208,12,1984,Florida,FL,4180,1449,2730,0.6532663106918335,0.3467336595058441,20812.279296875,2.081228017807007
209,13,1984,Georgia,GA,1776,707,1069,0.6019144058227539,0.3980855941772461,18436.8828125,1.8436882495880127
210,15,1984,Hawaii,HI,336,147,185,0.5572289228439331,0.4427710771560669,22553.431640625,2.255343198776245
211,16,1984,Idaho,ID,411,109,298,0.7321867346763611,0.2678132653236389,16722.912109375,1.6722911596298218
212,17,1984,Illinois,IL,4819,2086,2707,0.5647819638252258,0.43521803617477417,22459.8046875,2.2459805011749268
213,18,1984,Indiana,IN,2233,841,1377,0.6208295822143555,0.37917041778564453,18820.44921875,1.8820449113845825
214,19,1984,Iowa,IA,1320,606,703,0.5370512008666992,0.46294882893562317,19459.224609375,1.9459224939346313
215,20,1984,Kansas,KS,1022,333,677,0.6702970266342163,0.3297029733657837,20727.712890625,2.0727713108062744
216,21,1984,Kentucky,KY,1369,540,822,0.6035242080688477,0.39647576212882996,16810.498046875,1.6810498237609863
217,22,1984,Louisiana,LA,1707,652,1037,0.6139727830886841,0.3860272467136383,17621.42578125,1.762142539024353
218,23,1984,Maine,ME,553,215,337,0.6105072498321533,0.3894927501678467,17648.607421875,1.76486074924469
219,24,1984,Maryland,MD,1676,788,880,0.5275779366493225,0.4724220633506775,23864.203125,2.386420249938965
220,25,1984,Massachusetts,MA,2559,1240,1311,0.5139161348342896,0.48608389496803284,23743.39453125,2.3743393421173096
221,26,1984,Michigan,MI,3802,1530,2252,0.5954521298408508,0.40454787015914917,20614.455078125,2.061445474624634
222,27,1984,Minnesota,MN,2084,1036,1033,0.49927499890327454,0.5007249712944031,21670.01953125,2.167001962661743
223,28,1984,Mississippi,MS,941,352,582,0.6231263279914856,0.3768736720085144,14220.6669921875,1.4220666885375977
224,29,1984,Missouri,MO,2123,849,1274,0.600094199180603,0.399905800819397,19777.85546875,1.977785587310791
225,30,1984,Montana,MT,384,147,232,0.6121371984481812,0.38786280155181885,17677.298828125,1.7677298784255981
226,31,1984,Nebraska,NE,652,188,460,0.709876537322998,0.29012346267700195,19795.978515625,1.979597806930542
227,32,1984,Nevada,NV,287,92,189,0.6725978851318359,0.32740214467048645,22074.7265625,2.207472562789917
228,33,1984,New Hampshire,NH,389,120,267,0.6899224519729614,0.3100775182247162,21967.509765625,2.1967508792877197
229,34,1984,New Jersey,NJ,3218,1261,1934,0.6053208112716675,0.3946791887283325,25064.736328125,2.5064735412597656
230,35,1984,New Mexico,NM,514,202,307,0.6031433939933777,0.3968565762042999,17086.84765625,1.7086848020553589
231,36,1984,New York,NY,6807,3120,3665,0.5401621460914612,0.4598378837108612,23932.158203125,2.3932158946990967
232,37,1984,North Carolina,NC,2175,824,1346,0.6202765107154846,0.3797234892845154,17882.673828125,1.7882673740386963
233,38,1984,North Dakota,ND,309,104,200,0.6578947305679321,0.34210526943206787,18661.888671875,1.866188883781433
234,39,1984,Ohio,OH,4548,1825,2679,0.5948046445846558,0.4051953852176666,20368.30859375,2.0368309020996094
235,40,1984,Oklahoma,OK,1256,385,862,0.6912590265274048,0.3087409734725952,19226.66796875,1.9226667881011963
236,41,1984,Oregon,OR,1227,536,686,0.5613747835159302,0.4386252164840698,19453.18359375,1.945318341255188
237,42,1984,Pennsylvania,PA,4845,2228,2584,0.5369908809661865,0.46300914883613586,20470.994140625,2.0470993518829346
238,44,1984,Rhode Island,RI,410,197,212,0.5183374285697937,0.4816626012325287,20696.0,2.0696001052856445
239,45,1984,South Carolina,SC,969,344,616,0.6416666507720947,0.3583333194255829,16528.109375,1.6528109312057495
240,46,1984,South Dakota,SD,318,116,200,0.6329113841056824,0.3670886158943176,17669.748046875,1.7669748067855835
241,47,1984,Tennessee,TN,1712,712,990,0.5816686153411865,0.4183313846588135,17388.869140625,1.7388869524002075
242,48,1984,Texas,TX,5398,1949,3433,0.6378669738769531,0.3621330261230469,20342.63671875,2.0342636108398438
243,49,1984,Utah,UT,630,155,469,0.7516025900840759,0.24839743971824646,17262.01953125,1.7262020111083984
244,50,1984,Vermont,VT,235,96,136,0.5862069129943848,0.4137931168079376,18181.673828125,1.8181673288345337
245,51,1984,Virginia,VA,2147,796,1337,0.6268166899681091,0.37318331003189087,21722.873046875,2.1722872257232666
246,53,1984,Washington,WA,1884,807,1052,0.5658956170082092,0.4341043531894684,21236.619140625,2.123661994934082
247,54,1984,West Virginia,WV,736,328,405,0.5525238513946533,0.4474761188030243,15717.181640625,1.5717182159423828
248,55,1984,Wisconsin,WI,2212,996,1199,0.5462414622306824,0.4537585377693176,19918.296875,1.9918296337127686
249,56,1984,Wyoming,WY,189,53,133,0.7150537371635437,0.2849462330341339,20501.197265625,2.050119638442993
250,1,1988,Alabama,AL,1378,550,816,0.5973645448684692,0.4026354253292084,18167.5078125,1.8167507648468018
251,2,1988,Alaska,AK,200,73,119,0.6197916865348816,0.3802083432674408,26402.435546875,2.6402435302734375
252,4,1988,Arizona,AZ,1172,454,703,0.6076058745384216,0.39239412546157837,20725.919921875,2.07259202003479
253,5,1988,Arkansas,AR,828,349,467,0.5723039507865906,0.4276960790157318,17110.455078125,1.711045503616333
254,6,1988,California,CA,9887,4702,5055,0.5180895924568176,0.48191043734550476,25993.939453125,2.599393844604492
255,8,1988,Colorado,CO,1372,621,728,0.5396590232849121,0.4603410065174103,22719.33203125,2.2719333171844482
256,9,1988,Connecticut,CT,1443,677,750,0.5255781412124634,0.4744218587875366,31544.458984375,3.1544458866119385
257,10,1988,Delaware,DE,250,109,140,0.5622490048408508,0.43775099515914917,25207.44921875,2.520745038986206
258,12,1988,Florida,FL,4302,1657,2619,0.612488329410553,0.3875117003917694,23045.599609375,2.3045599460601807
259,13,1988,Georgia,GA,1810,715,1081,0.6018930673599243,0.3981069028377533,20873.13671875,2.087313652038574
260,15,1988,Hawaii,HI,354,192,159,0.45299145579338074,0.5470085740089417,24763.142578125,2.4763143062591553
261,16,1988,Idaho,ID,409,147,254,0.633416473865509,0.36658355593681335,17895.619140625,1.7895618677139282
262,17,1988,Illinois,IL,4559,2216,2311,0.5104926228523254,0.48950740694999695,24686.21875,2.4686219692230225
263,18,1988,Indiana,IN,2169,861,1298,0.6012042760848999,0.3987957239151001,20520.34375,2.052034378051758
264,19,1988,Iowa,IA,1226,671,545,0.4481907784938812,0.5518091917037964,20320.07421875,2.0320074558258057
265,20,1988,Kansas,KS,993,423,554,0.5670419931411743,0.43295803666114807,21585.353515625,2.1585352420806885
266,21,1988,Kentucky,KY,1323,580,734,0.5585997104644775,0.44140028953552246,17989.78515625,1.798978567123413
267,22,1988,Louisiana,LA,1628,717,884,0.5521548986434937,0.44784510135650635,17289.50390625,1.7289503812789917
268,23,1988,Maine,ME,555,244,307,0.5571687817573547,0.44283121824264526,20836.001953125,2.0836002826690674
269,24,1988,Maryland,MD,1714,826,876,0.5146886110305786,0.4853113889694214,27297.681640625,2.7297682762145996
270,25,1988,Massachusetts,MA,2633,1401,1195,0.4603235721588135,0.5396764278411865,28304.333984375,2.8304333686828613
271,26,1988,Michigan,MI,3669,1676,1965,0.539686918258667,0.4603131115436554,22584.05078125,2.2584049701690674
272,27,1988,Minnesota,MN,2097,1109,962,0.46450990438461304,0.535490095615387,23224.6484375,2.322464942932129
273,28,1988,Mississippi,MS,932,364,558,0.6052060723304749,0.39479392766952515,15333.2275390625,1.533322811126709
274,29,1988,Missouri,MO,2094,1002,1085,0.5198850035667419,0.48011499643325806,21228.58203125,2.1228582859039307
275,30,1988,Montana,MT,366,169,190,0.5292479395866394,0.470752090215683,17634.33984375,1.7634339332580566
276,31,1988,Nebraska,NE,661,259,398,0.6057838797569275,0.3942161202430725,21179.509765625,2.117950916290283
277,32,1988,Nevada,NV,350,133,206,0.6076695919036865,0.3923303782939911,24096.01953125,2.409601926803589
278,33,1988,New Hampshire,NH,451,164,282,0.6322869658470154,0.36771300435066223,25946.193359375,2.5946192741394043
279,34,1988,New Jersey,NJ,3100,1320,1743,0.5690499544143677,0.4309500455856323,29162.443359375,2.9162442684173584
280,35,1988,New Mexico,NM,521,244,270,0.5252918004989624,0.4747081696987152,17634.33984375,1.7634339332580566
281,36,1988,New York,NY,6486,3348,3082,0.47931569814682007,0.5206843018531799,27556.30859375,2.7556309700012207
282,37,1988,North Carolina,NC,2134,890,1237,0.5815702676773071,0.4184297025203705,20422.19921875,2.042219877243042
283,38,1988,North Dakota,ND,297,128,167,0.5661016702651978,0.43389829993247986,16884.986328125,1.688498616218567
284,39,1988,Ohio,OH,4394,1940,2417,0.5547394752502441,0.44526049494743347,22061.4921875,2.206149101257324
285,40,1988,Oklahoma,OK,1171,483,678,0.5839793086051941,0.4160206615924835,18854.525390625,1.8854525089263916
286,41,1988,Oregon,OR,1202,616,560,0.4761904776096344,0.523809552192688,21020.35546875,2.1020355224609375
287,42,1988,Pennsylvania,PA,4536,2195,2300,0.5116796493530273,0.48832035064697266,22802.888671875,2.2802889347076416
288,44,1988,Rhode Island,RI,405,225,178,0.44168734550476074,0.5583126544952393,23932.88671875,2.3932886123657227
289,45,1988,South Carolina,SC,986,371,606,0.6202661395072937,0.3797338902950287,18467.248046875,1.8467247486114502
290,46,1988,South Dakota,SD,313,146,165,0.5305466055870056,0.469453364610672,18192.70703125,1.8192707300186157
291,47,1988,Tennessee,TN,1636,680,947,0.5820528864860535,0.4179471433162689,19703.349609375,1.9703350067138672
292,48,1988,Texas,TX,5427,2353,3037,0.563450813293457,0.4365491569042206,20325.37890625,2.0325379371643066
293,49,1988,Utah,UT,647,207,428,0.6740157604217529,0.32598423957824707,17496.40625,1.7496405839920044
294,50,1988,Vermont,VT,243,116,124,0.5166666507720947,0.4833333194255829,21210.015625,2.1210014820098877
295,51,1988,Virginia,VA,2192,860,1309,0.603503942489624,0.39649608731269836,24554.916015625,2.455491542816162
296,53,1988,Washington,WA,1865,934,904,0.4918389618396759,0.5081610679626465,22767.078125,2.276707887649536
297,54,1988,West Virginia,WV,653,341,310,0.4761904776096344,0.523809552192688,16610.443359375,1.6610443592071533
298,55,1988,Wisconsin,WI,2192,1127,1047,0.48160073161125183,0.5183992385864258,21296.22265625,2.129622220993042
299,56,1988,Wyoming,WY,177,67,107,0.6149425506591797,0.3850574791431427,19785.580078125,1.97855806350708
300,1,1992,Alabama,AL,1688,690,804,0.5381526350975037,0.4618473947048187,19377.09375,1.9377093315124512
301,2,1992,Alaska,AK,259,78,102,0.5666666626930237,0.4333333373069763,26600.30859375,2.6600308418273926
302,4,1992,Arizona,AZ,1487,543,572,0.51300448179245,0.48699551820755005,19880.3359375,1.988033652305603
303,5,1992,Arkansas,AR,951,506,337,0.39976274967193604,0.600237250328064,18126.814453125,1.8126814365386963
304,6,1992,California,CA,11132,5121,3631,0.4148766100406647,0.5851234197616577,25153.205078125,2.5153205394744873
305,8,1992,Colorado,CO,1569,630,563,0.47191953659057617,0.5280804634094238,23606.572265625,2.360657215118408
306,9,1992,Connecticut,CT,1616,682,578,0.45873016119003296,0.541269838809967,31717.73046875,3.1717729568481445
307,10,1992,Delaware,DE,290,126,102,0.44736841320991516,0.5526315569877625,25352.265625,2.535226583480835
308,12,1992,Florida,FL,5314,2073,2173,0.51177579164505,0.48822420835494995,22832.6953125,2.2832696437835693
309,13,1992,Georgia,GA,2321,1009,995,0.4965069890022278,0.5034930109977722,21331.9140625,2.1331913471221924
310,15,1992,Hawaii,HI,373,179,137,0.4335443079471588,0.5664557218551636,26939.158203125,2.693915843963623
311,16,1992,Idaho,ID,482,137,203,0.5970588326454163,0.40294116735458374,19115.408203125,1.9115408658981323
312,17,1992,Illinois,IL,5050,2453,1734,0.4141390025615692,0.5858610272407532,25218.068359375,2.5218067169189453
313,18,1992,Indiana,IN,2306,848,989,0.5383777618408203,0.4616222083568573,21289.41796875,2.128941774368286
314,19,1992,Iowa,IA,1355,586,505,0.46287810802459717,0.5371218919754028,21062.3984375,2.1062397956848145
315,20,1992,Kansas,KS,1157,390,450,0.5357142686843872,0.4642857015132904,22021.916015625,2.2021915912628174
316,21,1992,Kentucky,KY,1493,665,617,0.48127925395965576,0.5187207460403442,19207.109375,1.9207109212875366
317,22,1992,Louisiana,LA,1790,816,733,0.4732085168361664,0.5267914533615112,18755.30859375,1.8755308389663696
318,23,1992,Maine,ME,679,263,207,0.4404255449771881,0.5595744848251343,20412.65625,2.0412657260894775
319,24,1992,Maryland,MD,1985,989,707,0.41686320304870605,0.583136796951294,26995.07421875,2.699507474899292
320,25,1992,Massachusetts,MA,2774,1319,805,0.3790018856525421,0.6209981441497803,27441.283203125,2.7441282272338867
321,26,1992,Michigan,MI,4275,1871,1555,0.4538820683956146,0.546117901802063,22744.349609375,2.274435043334961
322,27,1992,Minnesota,MN,2348,1021,748,0.4228377640247345,0.5771622657775879,23980.08984375,2.3980090618133545
323,28,1992,Mississippi,MS,982,400,488,0.5495495200157166,0.45045045018196106,16281.58984375,1.6281589269638062
324,29,1992,Missouri,MO,2392,1054,811,0.4348525404930115,0.5651474595069885,21638.33203125,2.1638331413269043
325,30,1992,Montana,MT,411,155,144,0.4816053509712219,0.5183946490287781,18862.66796875,1.886266827583313
326,31,1992,Nebraska,NE,738,217,344,0.6131907105445862,0.38680925965309143,21638.33203125,2.1638331413269043
327,32,1992,Nevada,NV,506,189,176,0.4821917712688446,0.517808198928833,24696.931640625,2.469693183898926
328,33,1992,New Hampshire,NH,538,209,202,0.4914841949939728,0.5085158348083496,24605.23046875,2.4605231285095215
329,34,1992,New Jersey,NJ,3344,1436,1357,0.4858574867248535,0.5141425132751465,29503.462890625,2.9503462314605713
330,35,1992,New Mexico,NM,570,262,213,0.44842106103897095,0.551578938961029,18198.38671875,1.8198386430740356
331,36,1992,New York,NY,6927,3444,2347,0.40528404712677,0.59471595287323,27809.2109375,2.78092098236084
332,37,1992,North Carolina,NC,2612,1114,1135,0.5046687126159668,0.4953312575817108,21071.345703125,2.1071345806121826
333,38,1992,North Dakota,ND,308,99,136,0.5787234306335449,0.42127659916877747,19759.55859375,1.975955843925476
334,39,1992,Ohio,OH,4940,1985,1894,0.4882701635360718,0.5117298364639282,22435.693359375,2.2435693740844727
335,40,1992,Oklahoma,OK,1390,473,593,0.5562852025032043,0.44371482729911804,19431.890625,1.943189024925232
336,41,1992,Oregon,OR,1463,621,476,0.43391066789627075,0.5660893321037292,21510.84375,2.1510844230651855
337,42,1992,Pennsylvania,PA,4960,2239,1792,0.4445546865463257,0.5554453134536743,23747.48046875,2.3747479915618896
338,44,1992,Rhode Island,RI,453,213,132,0.38260868191719055,0.6173912882804871,23335.939453125,2.3335938453674316
339,45,1992,South Carolina,SC,1203,480,578,0.5463138222694397,0.4536862075328827,18958.84375,1.895884394645691
340,46,1992,South Dakota,SD,336,125,137,0.5229007601737976,0.4770992398262024,19904.939453125,1.990493893623352
341,47,1992,Tennessee,TN,1983,934,841,0.4738028049468994,0.5261971950531006,20774.990234375,2.0774989128112793
342,48,1992,Texas,TX,6154,2282,2496,0.5223942995071411,0.4776057004928589,21154.1015625,2.115410089492798
343,49,1992,Utah,UT,744,183,323,0.6383399367332458,0.36166009306907654,18021.693359375,1.8021693229675293
344,50,1992,Vermont,VT,290,134,88,0.3963963985443115,0.6036036014556885,21320.73046875,2.132073163986206
345,51,1992,Virginia,VA,2559,1039,1151,0.5255707502365112,0.4744292199611664,24391.630859375,2.4391629695892334
346,53,1992,Washington,WA,2288,993,731,0.4240139126777649,0.5759860873222351,24277.5625,2.4277563095092773
347,54,1992,West Virginia,WV,684,331,242,0.4223385751247406,0.5776614546775818,18018.337890625,1.8018337488174438
348,55,1992,Wisconsin,WI,2531,1041,931,0.47210952639579773,0.5278904438018799,22011.849609375,2.2011849880218506
349,56,1992,Wyoming,WY,201,68,79,0.5374149680137634,0.4625850319862366,21634.9765625,2.1634976863861084
350,1,1996,Alabama,AL,1534,662,769,0.537386417388916,0.4626135528087616,20081.0,2.0081000328063965
351,2,1996,Alaska,AK,242,80,123,0.6059113144874573,0.39408865571022034,25805.001953125,2.5805001258850098
352,4,1996,Arizona,AZ,1404,653,622,0.4878431260585785,0.5121568441390991,20823.0,2.0822999477386475
353,5,1996,Arkansas,AR,884,475,325,0.40625,0.59375,18926.0,1.8926000595092773
354,6,1996,California,CA,10019,5120,3828,0.427805095911026,0.5721948742866516,25312.001953125,2.5312001705169678
355,8,1996,Colorado,CO,1511,671,692,0.5077036023139954,0.49229639768600464,25570.001953125,2.557000160217285
356,9,1996,Connecticut,CT,1393,736,483,0.3962264060974121,0.6037735939025879,32424.001953125,3.2424001693725586
357,10,1996,Delaware,DE,271,140,99,0.4142259359359741,0.5857740640640259,25727.001953125,2.572700262069702
358,12,1996,Florida,FL,5304,2547,2245,0.4684891402721405,0.5315108299255371,23655.0,2.365499973297119
359,13,1996,Georgia,GA,2299,1054,1081,0.5063231587409973,0.4936768114566803,22945.0,2.2945001125335693
360,15,1996,Hawaii,HI,360,205,114,0.35736677050590515,0.6426331996917725,25024.0,2.5023999214172363
361,16,1996,Idaho,ID,492,165,257,0.6090047359466553,0.3909952640533447,20248.0,2.0248000621795654
362,17,1996,Illinois,IL,4311,2342,1587,0.4039195775985718,0.5960804224014282,26449.001953125,2.64490008354187
363,18,1996,Indiana,IN,2136,887,1007,0.5316789746284485,0.4683210253715515,22368.0,2.236799955368042
364,19,1996,Iowa,IA,1234,620,493,0.44294700026512146,0.5570530295372009,22521.0,2.2520999908447266
365,20,1996,Kansas,KS,1074,388,583,0.6004119515419006,0.39958804845809937,22845.0,2.2844998836517334
366,21,1996,Kentucky,KY,1389,637,623,0.49444442987442017,0.5055555701255798,19854.0,1.9853999614715576
367,22,1996,Louisiana,LA,1784,928,713,0.4344911575317383,0.5655088424682617,19786.0,1.978600025177002
368,23,1996,Maine,ME,606,313,186,0.37274548411369324,0.6272544860839844,21203.0,2.120300054550171
369,24,1996,Maryland,MD,1781,966,682,0.41383495926856995,0.5861650705337524,27393.001953125,2.73930025100708
370,25,1996,Massachusetts,MA,2557,1572,718,0.3135371208190918,0.6864628791809082,28933.001953125,2.8933002948760986
371,26,1996,Michigan,MI,3849,1990,1481,0.4266781806945801,0.5733218193054199,24306.0,2.4305999279022217
372,27,1996,Minnesota,MN,2193,1120,766,0.40615057945251465,0.5938494205474854,25716.001953125,2.5716001987457275
373,28,1996,Mississippi,MS,894,394,440,0.5275779366493225,0.4724220633506775,17702.0,1.7702000141143799
374,29,1996,Missouri,MO,2158,1026,890,0.46450939774513245,0.5354906320571899,22548.0,2.2548000812530518
375,30,1996,Montana,MT,407,168,180,0.517241358757019,0.48275861144065857,19047.0,1.9047000408172607
376,31,1996,Nebraska,NE,677,237,363,0.6050000190734863,0.39500001072883606,23530.0,2.3529999256134033
377,32,1996,Nevada,NV,464,204,199,0.49379652738571167,0.5062034726142883,26085.001953125,2.6085002422332764
378,33,1996,New Hampshire,NH,499,246,196,0.44343891739845276,0.5565611124038696,26427.001953125,2.6427001953125
379,34,1996,New Jersey,NJ,3076,1652,1103,0.4003629684448242,0.5996370315551758,30470.001953125,3.0470001697540283
380,35,1996,New Mexico,NM,556,273,233,0.46047431230545044,0.5395256876945496,19029.0,1.902899980545044
381,36,1996,New York,NY,6316,3756,1933,0.33977851271629333,0.6602214574813843,28424.001953125,2.842400312423706
382,37,1996,North Carolina,NC,2516,1108,1226,0.5252785086631775,0.4747215211391449,22320.0,2.2320001125335693
383,38,1996,North Dakota,ND,266,107,125,0.5387930870056152,0.4612068831920624,21068.0,2.106800079345703
384,39,1996,Ohio,OH,4534,2148,1860,0.4640718698501587,0.5359281301498413,23322.0,2.332200050354004
385,40,1996,Oklahoma,OK,1207,488,582,0.5439252257347107,0.4560747742652893,19743.0,1.9743000268936157
386,41,1996,Oregon,OR,1378,650,538,0.4528619647026062,0.5471380352973938,23398.0,2.3397998809814453
387,42,1996,Pennsylvania,PA,4506,2216,1801,0.44834452867507935,0.5516554713249207,24344.0,2.4344000816345215
388,44,1996,Rhode Island,RI,390,233,105,0.31065088510513306,0.6893491148948669,24106.0,2.410599946975708
389,45,1996,South Carolina,SC,1152,506,573,0.5310472846031189,0.4689527451992035,20058.0,2.0058000087738037
390,46,1996,South Dakota,SD,324,139,151,0.5206896662712097,0.4793103337287903,21488.0,2.1487998962402344
391,47,1996,Tennessee,TN,1894,909,864,0.48730963468551636,0.5126903653144836,21854.0,2.1854000091552734
392,48,1996,Texas,TX,5612,2460,2736,0.5265588760375977,0.47344109416007996,22120.0,2.2119998931884766
393,49,1996,Utah,UT,666,222,362,0.6198630332946777,0.38013699650764465,19529.0,1.9529000520706177
394,50,1996,Vermont,VT,258,138,80,0.3669724762439728,0.6330274939537048,21964.0,2.1963999271392822
395,51,1996,Virginia,VA,2417,1091,1138,0.5105428695678711,0.4894571602344513,25034.0,2.5034000873565674
396,53,1996,Washington,WA,2254,1123,841,0.42820772528648376,0.5717922449111938,25073.0,2.5072999000549316
397,54,1996,West Virginia,WV,636,328,234,0.41637009382247925,0.5836299061775208,18445.0,1.844499945640564
398,55,1996,Wisconsin,WI,2196,1072,845,0.44079291820526123,0.5592070817947388,23273.0,2.3273000717163086
399,56,1996,Wyoming,WY,212,78,105,0.5737704634666443,0.4262295067310333,21875.0,2.1875
400,1,2000,Alabama,AL,1666,693,941,0.5758873820304871,0.42411261796951294,21656.208984375,2.165620803833008
401,2,2000,Alaska,AK,286,79,167,0.6788617968559265,0.3211382031440735,27209.66796875,2.7209668159484863
402,4,2000,Arizona,AZ,1532,685,782,0.5330606698989868,0.4669393301010132,23381.015625,2.338101625442505
403,5,2000,Arkansas,AR,922,423,473,0.5279017686843872,0.4720982015132904,19977.87109375,1.9977871179580688
404,6,2000,California,CA,10966,5861,4567,0.43795549869537354,0.5620445013046265,29581.390625,2.958139181137085
405,8,2000,Colorado,CO,1741,738,884,0.5450061559677124,0.4549938440322876,30405.98046875,3.040598154067993
406,9,2000,Connecticut,CT,1460,816,561,0.40740740299224854,0.5925925970077515,37808.1640625,3.7808163166046143
407,10,2000,Delaware,DE,328,180,137,0.4321766495704651,0.5678233504295349,28128.107421875,2.8128106594085693
408,12,2000,Florida,FL,5963,2912,2913,0.5000858306884766,0.49991416931152344,25977.79296875,2.5977792739868164
409,13,2000,Georgia,GA,2597,1116,1420,0.5599368810653687,0.44006308913230896,25502.173828125,2.550217390060425
410,15,2000,Hawaii,HI,368,205,138,0.4023323655128479,0.5976676344871521,25892.14453125,2.589214563369751
411,16,2000,Idaho,ID,502,139,337,0.7079831957817078,0.29201680421829224,21936.84375,2.1936843395233154
412,17,2000,Illinois,IL,4742,2589,2019,0.4381510317325592,0.5618489384651184,29327.1796875,2.93271803855896
413,18,2000,Indiana,IN,2199,902,1246,0.5800744891166687,0.4199255108833313,24723.140625,2.4723141193389893
414,19,2000,Iowa,IA,1316,639,634,0.49803614616394043,0.5019638538360596,24194.673828125,2.4194674491882324
415,20,2000,Kansas,KS,1072,399,622,0.6092066764831543,0.3907933533191681,25233.3828125,2.5233383178710938
416,21,2000,Kentucky,KY,1544,639,872,0.5771012306213379,0.4228987395763397,22244.8125,2.2244813442230225
417,22,2000,Louisiana,LA,1766,792,928,0.539534866809845,0.46046510338783264,21029.337890625,2.102933883666992
418,23,2000,Maine,ME,652,320,287,0.4728171229362488,0.5271828770637512,23664.3828125,2.366438388824463
419,24,2000,Maryland,MD,2020,1141,814,0.4163682758808136,0.583631694316864,31213.259765625,3.121325969696045
420,25,2000,Massachusetts,MA,2703,1616,879,0.352304607629776,0.6476953625679016,34401.375,3.4401373863220215
421,26,2000,Michigan,MI,4233,2170,1953,0.4736842215061188,0.5263158082962036,26927.2109375,2.692721128463745
422,27,2000,Minnesota,MN,2439,1168,1110,0.4872695207595825,0.5127304792404175,29173.1953125,2.9173195362091064
423,28,2000,Mississippi,MS,994,405,573,0.5858895778656006,0.4141104221343994,19140.525390625,1.9140524864196777
424,29,2000,Missouri,MO,2360,1111,1190,0.5171664357185364,0.4828335642814636,24822.455078125,2.482245445251465
425,30,2000,Montana,MT,411,137,240,0.6366047859191895,0.36339521408081055,20894.48828125,2.089448928833008
426,31,2000,Nebraska,NE,697,232,434,0.6516516804695129,0.34834834933280945,25172.3359375,2.5172336101531982
427,32,2000,Nevada,NV,609,280,302,0.5189003348350525,0.4810996651649475,27733.578125,2.77335786819458
428,33,2000,New Hampshire,NH,569,266,274,0.5074074268341064,0.49259260296821594,30430.58203125,3.043058156967163
429,34,2000,New Jersey,NJ,3187,1789,1284,0.41783273220062256,0.5821672677993774,34962.640625,3.4962639808654785
430,35,2000,New Mexico,NM,599,287,286,0.4991273880004883,0.5008726119995117,20167.390625,2.0167391300201416
431,36,2000,New York,NY,6822,4108,2403,0.3690677285194397,0.6309322714805603,31799.12890625,3.179912805557251
432,37,2000,North Carolina,NC,2911,1258,1631,0.5645552277565002,0.43544480204582214,24665.73828125,2.466573715209961
433,38,2000,North Dakota,ND,288,95,175,0.6481481194496155,0.35185185074806213,22878.060546875,2.2878060340881348
434,39,2000,Ohio,OH,4702,2184,2350,0.5183061361312866,0.4816938638687134,25701.71484375,2.570171594619751
435,40,2000,Oklahoma,OK,1234,474,744,0.610837459564209,0.3891625702381134,22241.16796875,2.224116802215576
436,41,2000,Oregon,OR,1534,720,714,0.49790793657302856,0.5020920634269714,25603.310546875,2.560331106185913
437,42,2000,Pennsylvania,PA,4913,2486,2281,0.47849801182746887,0.5215020179748535,27058.416015625,2.705841541290283
438,44,2000,Rhode Island,RI,409,250,131,0.34383201599121094,0.6561679840087891,26620.154296875,2.662015438079834
439,45,2000,South Carolina,SC,1383,566,786,0.581360936164856,0.41863906383514404,22255.74609375,2.225574493408203
440,46,2000,South Dakota,SD,316,119,191,0.6161290407180786,0.3838709592819214,23436.595703125,2.3436596393585205
441,47,2000,Tennessee,TN,2076,982,1062,0.519569456577301,0.4804305136203766,23780.099609375,2.3780100345611572
442,48,2000,Texas,TX,6408,2434,3800,0.609560489654541,0.390439510345459,25797.384765625,2.5797383785247803
443,49,2000,Utah,UT,771,203,515,0.7172701954841614,0.2827298045158386,21756.435546875,2.1756434440612793
444,50,2000,Vermont,VT,294,149,120,0.44609665870666504,0.553903341293335,25220.626953125,2.5220627784729004
445,51,2000,Virginia,VA,2739,1217,1437,0.54144686460495,0.45855313539505005,28322.181640625,2.8322181701660156
446,53,2000,Washington,WA,2487,1248,1109,0.47051337361335754,0.5294866561889648,28956.341796875,2.895634174346924
447,54,2000,West Virginia,WV,648,295,336,0.5324881076812744,0.4675118923187256,19955.091796875,1.995509147644043
448,55,2000,Wisconsin,WI,2599,1243,1237,0.49879032373428345,0.5012096762657166,26034.28515625,2.603428602218628
449,56,2000,Wyoming,WY,218,60,148,0.7115384340286255,0.2884615361690521,25934.05859375,2.5934059619903564
